   ,job_name                ,norm_job_submit_time,ddl     ,T4      ,P100    ,V100
0  ,34b3d819023ea21e28afd50f,0                   ,inf     ,176371.0,263973.0,424232.0
1  ,af3b0f5e810838d6c33840e1,0                   ,inf     ,109920.0,216163.0,265192.0
2  ,8b3581e39780f46e28e48c4a,0                   ,inf     ,139118.0,240371.0,428034.0
3  ,e3789c5e546bbbe82007127f,0                   ,540673.0,142167.0,232288.0,373887.0
4  ,8dc5b00629f823cf8d30cade,0                   ,inf     ,98894.0 ,157663.0,221303.0
5  ,a5fca6521f8613a8d5a7e54b,0                   ,inf     ,83202.0 ,154630.0,223430.0
6  ,6661e092f01b74b115fd4212,0                   ,inf     ,175809.0,281443.0,451279.0
7  ,9f0d56b7e61c0233f8eac927,0                   ,inf     ,52938.0 ,102330.0,134372.0
8  ,4a90ccfb89c54e38dd6223de,0                   ,125921.0,63230.0 ,104263.0,167250.0
9  ,be6307cdb221d1708e7b9314,0                   ,inf     ,107178.0,211983.0,287842.0
10 ,3e8f649722e82dcde5d8a1f1,0                   ,271694.0,62281.0 ,97203.0 ,168467.0
11 ,070d1ef25c84f9e7899a7a73,0                   ,inf     ,106468.0,185386.0,271120.0
12 ,39b44fde874a6225e935a790,0                   ,inf     ,124997.0,181941.0,312669.0
13 ,b643578285eac064d1a906cb,0                   ,inf     ,23436.0 ,32892.0 ,56498.0
14 ,3c259019a86bdf12797826db,0                   ,inf     ,65431.0 ,120300.0,160553.0
15 ,5277c5dc618b01973aae1376,0                   ,inf     ,72199.0 ,109352.0,177626.0
16 ,46698b87248217a14b68dcec,0                   ,inf     ,23559.0 ,40996.0 ,56565.0
17 ,801d01d97d3b500d3d85931d,0                   ,inf     ,32978.0 ,57958.0 ,86992.0
18 ,c732eebb1b3b0dad7f65fbde,0                   ,inf     ,26137.0 ,39819.0 ,65820.0
19 ,a3f0b61189409a87bae76d27,0                   ,inf     ,16591.0 ,27732.0 ,40965.0
20 ,504e42bbb0e7b4aaffa736be,0                   ,inf     ,11075.0 ,22373.0 ,27752.0
21 ,e6c75130934453752980d2b5,0                   ,inf     ,17008.0 ,25046.0 ,43726.0
22 ,f2b1e54d0e7c3a14bb00e352,0                   ,inf     ,37223.0 ,57820.0 ,97290.0
23 ,4036dc4b04d02fc50362ac61,0                   ,inf     ,22358.0 ,33871.0 ,57386.0
24 ,9996b43474c2a67297ca4541,0                   ,inf     ,9254.0  ,15126.0 ,23364.0
25 ,dbf19d21115c334deb03a612,0                   ,inf     ,6647.0  ,13218.0 ,16678.0
26 ,cf9e392ce766c6f1f08b3cd3,0                   ,inf     ,2343.0  ,4101.0  ,6214.0
27 ,2716d99a87f73d496c1efef5,0                   ,inf     ,20277.0 ,36844.0 ,52436.0
28 ,94f35185d31cde240c281108,0                   ,inf     ,3993.0  ,6523.0  ,9705.0
29 ,6257bc3d8054686c0d269c4b,0                   ,inf     ,2598.0  ,4413.0  ,6336.0
30 ,a42e24f540722c36fac7465d,0                   ,inf     ,92935.0 ,148143.0,241145.0
31 ,8910e7791b41a7327530bc96,0                   ,inf     ,9324.0  ,17583.0 ,24288.0
32 ,bf4b54a38709f79dccdbacfe,0                   ,inf     ,1063.0  ,1624.0  ,2570.0
33 ,a81aadcbf8311ebaadac181d,0                   ,inf     ,1247.0  ,2105.0  ,3143.0
34 ,88e89debd640f21bbc39277b,0                   ,inf     ,1763.0  ,2979.0  ,4396.0
35 ,610ad03c5967514a92940b1c,0                   ,inf     ,1312.0  ,2150.0  ,3361.0
36 ,a4fa9ca1306c5ad3e8774645,0                   ,inf     ,1401.0  ,2045.0  ,3580.0
37 ,8d4e642e614d7ffe4daa965d,0                   ,3276.0  ,1190.0  ,1997.0  ,2899.0
38 ,80ba3784bfa184bb51257591,0                   ,inf     ,1433.0  ,2462.0  ,3624.0
39 ,b7e557ccb0ba080db47e0978,0                   ,inf     ,1552.0  ,2940.0  ,3981.0
40 ,a6effa9fe9729c5cccc7c138,0                   ,inf     ,1161.0  ,2060.0  ,2916.0
41 ,47f3ef90ce7f7d6423132f5e,0                   ,inf     ,1009.0  ,1846.0  ,2607.0
42 ,64ac96d3ed8a3f012387b073,0                   ,inf     ,1612.0  ,3100.0  ,3968.0
43 ,d4829b8de148d2fe68c3d055,0                   ,inf     ,3290.0  ,5015.0  ,8245.0
44 ,a65439400567067ddb651c15,0                   ,inf     ,1522.0  ,2207.0  ,4046.0
45 ,128724c03f7c055bdb8619e5,0                   ,inf     ,1612.0  ,3053.0  ,4153.0
46 ,d03a9decb3a2c5f9f8ed04da,0                   ,2873.0  ,1613.0  ,2930.0  ,3916.0
47 ,e82ce59bd5f55c16e5b36ce5,0                   ,inf     ,1733.0  ,3041.0  ,4224.0
48 ,6803e5d926284d32a2d4fcea,0                   ,inf     ,1552.0  ,2799.0  ,3806.0
49 ,2c3e7f313340e4bd732ddd5c,0                   ,inf     ,3059.0  ,5627.0  ,7706.0
50 ,d6c1d51e459898f0956df82f,0                   ,inf     ,3470.0  ,5816.0  ,8910.0
51 ,9d7d5d39f2ec817ef18415bc,0                   ,inf     ,1551.0  ,2493.0  ,3958.0
52 ,d2ca42b19e15fdf72f0f32af,0                   ,inf     ,1002.0  ,1665.0  ,2582.0
53 ,2f9aefa0de0aaf0a0581db58,0                   ,inf     ,169991.0,252164.0,408362.0
54 ,6317ee5aa8cd6c57ef6db9f9,0                   ,inf     ,1313.0  ,2599.0  ,3342.0
55 ,496d4c4e782f47e4c16ccbe5,0                   ,inf     ,3252.0  ,6260.0  ,8555.0
56 ,f4c03dc3109a6c3a84d0c726,0                   ,inf     ,2095.0  ,4045.0  ,5073.0
57 ,4924c1e791140ab232049f3f,0                   ,inf     ,1130.0  ,2223.0  ,2782.0
58 ,56a07f5991f690a0ec51d5b8,0                   ,inf     ,2606.0  ,3676.0  ,6400.0
59 ,a49bee006d7fd4d3e35246f9,0                   ,20878.0 ,10554.0 ,19351.0 ,25389.0
60 ,54a5b07ea474245097746c8b,0                   ,1693.0  ,1162.0  ,2082.0  ,2867.0
61 ,53930e94859a156eaf5a2fc5,0                   ,inf     ,5128.0  ,10007.0 ,12844.0
62 ,696b85912e2bedb17abffa9a,0                   ,inf     ,2807.0  ,4922.0  ,7056.0
63 ,0e3ca2900e61549b82174b24,0                   ,inf     ,2547.0  ,4714.0  ,6724.0
64 ,0ff1d242d163148148664737,0                   ,2482.0  ,2034.0  ,3288.0  ,4964.0
65 ,7b80b429204b355a9a2f0da4,0                   ,inf     ,4253.0  ,6392.0  ,10771.0
66 ,85d7682897f841a0504e7754,0                   ,inf     ,4826.0  ,9499.0  ,11688.0
67 ,b9c1eb8c4e5afc75aa9fbf66,0                   ,inf     ,6050.0  ,12095.0 ,14863.0
68 ,8e57a4129b9bc04e1760aaf5,0                   ,inf     ,1282.0  ,2312.0  ,3154.0
69 ,5b72e429dd00f56ba159da5d,0                   ,inf     ,6052.0  ,11739.0 ,15462.0
70 ,2268741325738afe2ced10e0,0                   ,inf     ,17934.0 ,28878.0 ,46041.0
71 ,02b413420f74d1f1488052d9,0                   ,6560.0  ,2938.0  ,4537.0  ,7681.0
72 ,885a15e29d632f7605f57727,0                   ,inf     ,4797.0  ,9257.0  ,12646.0
73 ,c3903655ec1ea13fbb8df6dd,0                   ,inf     ,5962.0  ,11656.0 ,15128.0
74 ,6450afa55df5fc5db34927b7,0                   ,inf     ,3005.0  ,4656.0  ,7946.0
75 ,88fc54e9ba515523297220c4,0                   ,inf     ,1365.0  ,2403.0  ,3554.0
76 ,cc53c7beb50f56160f7eb3e5,0                   ,1820.0  ,1485.0  ,2214.0  ,3649.0
77 ,cf776cc965319b4a46407529,0                   ,inf     ,5109.0  ,7637.0  ,12898.0
78 ,eadb3a00046b0daf049e0a5a,0                   ,inf     ,2460.0  ,3522.0  ,6481.0
79 ,e0d8916a1856c332ff30c69f,0                   ,18614.0 ,6380.0  ,11969.0 ,15517.0
80 ,5c97d583d95ab15afe101680,0                   ,inf     ,9662.0  ,16881.0 ,25221.0
81 ,ca614fd9be85eee6ea9c2a1e,0                   ,inf     ,1622.0  ,3193.0  ,4156.0
82 ,0271111ef53409eabd5f8818,0                   ,inf     ,592.0   ,1025.0  ,1456.0
83 ,f64b602dd3498d8384392487,0                   ,inf     ,1387.0  ,2261.0  ,3724.0
84 ,637f8be7dcf5eb8dce65770d,0                   ,inf     ,614.0   ,1046.0  ,1420.0
85 ,992b48eecc76881a2f11505f,0                   ,inf     ,1238.0  ,2264.0  ,3448.0
86 ,5b01954d0ce08a1e25f747f0,0                   ,inf     ,1725.0  ,2556.0  ,4249.0
87 ,174f7ed72ecc16b50daed939,0                   ,inf     ,1634.0  ,2496.0  ,3916.0
88 ,e264e61ff753c9c0d5500385,0                   ,inf     ,2129.0  ,3341.0  ,5493.0
89 ,f20764459587d0a2a0590e05,0                   ,inf     ,1364.0  ,2659.0  ,4661.0
90 ,340ed9772d953868c8abefd9,0                   ,inf     ,1621.0  ,2780.0  ,3832.0
91 ,4c314821cd9d9a287d20413c,0                   ,inf     ,1766.0  ,3045.0  ,4655.0
92 ,3a26cb0eac5b763fd75167fd,0                   ,inf     ,1757.0  ,3186.0  ,5063.0
93 ,4ac68d06a57fe34526fd4027,0                   ,9458.0  ,2255.0  ,3216.0  ,5335.0
94 ,8bf6f113489621d4b087ef8c,0                   ,inf     ,1150.0  ,2274.0  ,2986.0
95 ,dbbc7b184fb67cf1ff4254b5,0                   ,inf     ,1190.0  ,1728.0  ,2885.0
96 ,ea3bd3de4cb78d2bd1a06619,0                   ,inf     ,716.0   ,1188.0  ,1548.0
97 ,5487ca4ba4dbb22cda463042,0                   ,inf     ,588.0   ,1157.0  ,1593.0
98 ,493650beeaaa64eb0504c911,0                   ,3385.0  ,953.0   ,1476.0  ,1943.0
99 ,4f0246b30625281fa3d0b537,0                   ,inf     ,1122.0  ,2081.0  ,2878.0
100,7f55e99cf19704b3c81407cf,0                   ,inf     ,913.0   ,1547.0  ,2178.0
101,30f47a766829b46545c0b54c,0                   ,inf     ,679.0   ,1344.0  ,2300.0
102,072de179751c91d54908bf54,0                   ,3068.0  ,1320.0  ,2327.0  ,3901.0
103,9132f4856accec9d264485da,0                   ,4648.0  ,1338.0  ,2207.0  ,4158.0
104,0949763670637c982a4e72d3,0                   ,7497.0  ,1673.0  ,3283.0  ,4766.0
105,b18bc678773236631259c800,0                   ,inf     ,1038.0  ,1619.0  ,2450.0
106,cdf0fdfc17455b7d4635e7fa,0                   ,inf     ,1230.0  ,2364.0  ,3791.0
107,f61aaa68f7614f5aa338f8b8,0                   ,inf     ,1186.0  ,1822.0  ,3030.0
108,349443a66c3325f1cdd7741e,0                   ,inf     ,2546.0  ,3575.0  ,6074.0
109,77a98b4f593a182b2d0e70b1,0                   ,inf     ,2197.0  ,3564.0  ,4879.0
110,662fd2a96ccaebd81a4b74d1,0                   ,inf     ,1914.0  ,3802.0  ,6766.0
111,d68a61452843d3a3110fa6bb,0                   ,5699.0  ,1274.0  ,2100.0  ,3800.0
112,5f0250972ce05eb138da178f,0                   ,inf     ,2922.0  ,4407.0  ,7048.0
113,5dd6c407c6d029283557e8b9,0                   ,inf     ,1219.0  ,2224.0  ,3265.0
114,95f916d28a72f4b239d2d864,0                   ,inf     ,1233.0  ,2115.0  ,3811.0
115,ded3d0e4e94458db47211e2b,0                   ,inf     ,2710.0  ,3918.0  ,6339.0
116,067378d818909f20ac1ce743,0                   ,inf     ,2049.0  ,4035.0  ,7494.0
117,5917bacc5ee6aa9df304621a,0                   ,inf     ,2768.0  ,4290.0  ,6099.0
118,dc4c9454a220e049e6c8c985,0                   ,inf     ,2646.0  ,4416.0  ,7002.0
119,157169745086e8012189c66b,0                   ,inf     ,2947.0  ,4294.0  ,7782.0
120,f63c2ba397918969121e0eba,0                   ,inf     ,57329.0 ,111054.0,139878.0
121,9158f5d654bcd3896878eb5d,0                   ,inf     ,1077.0  ,1516.0  ,2630.0
122,646ebe13a0f0c1f78131ef19,0                   ,3655.0  ,1308.0  ,2096.0  ,2860.0
123,2e75c0a916999242d955d513,0                   ,inf     ,627.0   ,1116.0  ,1781.0
124,6f32a323887310d89500972a,0                   ,inf     ,1478.0  ,2266.0  ,3797.0
125,b9f3b418af7d9ceacd181677,0                   ,inf     ,1003.0  ,1927.0  ,3153.0
126,4aa1a8080c47f65251ca6906,0                   ,inf     ,1368.0  ,2578.0  ,3249.0
127,f8d17433279ec2f9af0abe72,0                   ,inf     ,1377.0  ,2053.0  ,2911.0
128,96569b69c60c4f3f1be29df8,0                   ,inf     ,1263.0  ,2174.0  ,3510.0
129,7f3ebeff6bb433e4418f683c,0                   ,inf     ,1308.0  ,2315.0  ,3725.0
130,69a262267808cf3f576429b7,0                   ,1744.0  ,1271.0  ,2437.0  ,3155.0
131,79f5e07a1b31a5a1acc9401b,0                   ,inf     ,1120.0  ,2220.0  ,3171.0
132,5999a9bcc424db8ae41633d3,0                   ,3151.0  ,1503.0  ,2126.0  ,2970.0
133,c3a4fc829a93b27b09e7edba,0                   ,inf     ,1210.0  ,2358.0  ,3080.0
134,c9339633745ed985b45e6538,0                   ,3901.0  ,1336.0  ,2394.0  ,3357.0
135,1798c3a4d40fdfa0ba94fe81,0                   ,inf     ,3252.0  ,5320.0  ,7821.0
136,c9d649192045a6338045e73f,0                   ,inf     ,1150.0  ,1890.0  ,2788.0
137,c5c36b9180fd68043c199a6e,0                   ,4462.0  ,2345.0  ,3583.0  ,6195.0
138,e59e84292104ed27a75f7e54,0                   ,3009.0  ,2005.0  ,2855.0  ,5246.0
139,0a77a405e8e8b606e855762c,0                   ,16552.0 ,6125.0  ,9840.0  ,15866.0
140,25932622cc95cc1f387d85f9,0                   ,inf     ,3052.0  ,4753.0  ,7594.0
141,129efbccb5dd042c518a4324,0                   ,inf     ,1881.0  ,3677.0  ,4757.0
142,49bcbbfaacb0b9aef405a87c,0                   ,inf     ,14480.0 ,24446.0 ,38103.0
143,204e9a2d9ab3e1529be799bd,0                   ,28406.0 ,13093.0 ,21985.0 ,35202.0
144,4c91c472140b6b9fe2fd5635,0                   ,inf     ,6860.0  ,12459.0 ,16662.0
145,3da9f8f78b6b68f6677ca9c6,0                   ,inf     ,7168.0  ,12369.0 ,17640.0
146,a64612e12e6a80d394406dbc,0                   ,inf     ,6030.0  ,11074.0 ,14657.0
147,0cf1f438fec8271f38811a2b,0                   ,31209.0 ,5659.0  ,9961.0  ,14781.0
148,4c6879db790073967f6786d5,0                   ,26526.0 ,5829.0  ,8281.0  ,14925.0
149,6ef09f1f447ec247d2811a7d,0                   ,inf     ,5626.0  ,9587.0  ,14584.0
150,712196be2186c22f5bf0b0fd,0                   ,inf     ,7567.0  ,13359.0 ,17699.0
151,d4960ada198c5fc7207630d5,0                   ,inf     ,16918.0 ,25821.0 ,36931.0
152,f2e891759d49af0001224b18,0                   ,inf     ,15576.0 ,25851.0 ,45901.0
153,452d82f8eead18a16b2dc95f,0                   ,inf     ,1081.0  ,1888.0  ,2825.0
154,d4f87ff751b2f34b9b119399,0                   ,inf     ,10663.0 ,20943.0 ,34700.0
155,9d0c9b047589db7644bbb12c,0                   ,15553.0 ,6362.0  ,9525.0  ,16039.0
156,3cb3a40719966dfe2045b2fa,0                   ,inf     ,1515.0  ,3022.0  ,3788.0
157,f41d71971c3c3143300cb67a,0                   ,8266.0  ,3630.0  ,6134.0  ,9263.0
158,885c467dc69ada55d62aeffc,0                   ,inf     ,2411.0  ,4015.0  ,6072.0
159,9a096df049defe9abe6abe0c,0                   ,inf     ,2952.0  ,5694.0  ,9745.0
160,ce583c98e41fe7891f199dc7,0                   ,inf     ,3361.0  ,5612.0  ,9643.0
161,46e96e2fd69f197e70f064ba,0                   ,9552.0  ,3382.0  ,6613.0  ,8126.0
162,88fabe877984d253f8e7db24,0                   ,inf     ,4023.0  ,5874.0  ,8282.0
163,7e5d1c9304e5092fc9b2f01c,0                   ,inf     ,3311.0  ,6330.0  ,7952.0
164,14a0a83b4cb04537155c9507,0                   ,inf     ,3271.0  ,6110.0  ,10681.0
165,9970ab924e45c3a803099c72,0                   ,inf     ,3197.0  ,6040.0  ,8621.0
166,3d8b29564cf111e8f01ef883,0                   ,inf     ,1462.0  ,2073.0  ,3538.0
167,6bc7f8ed34e7025ecf5cab91,0                   ,inf     ,3150.0  ,4559.0  ,7743.0
168,90c9355f84ac616ad885b88c,0                   ,2924.0  ,1924.0  ,2729.0  ,5061.0
169,97aa02310de2df2e9deb78f4,0                   ,inf     ,14791.0 ,20722.0 ,38034.0
170,7256b4bf6639607443c0b207,0                   ,11926.0 ,5814.0  ,11531.0 ,13955.0
171,26f244b7369210d3ced74803,0                   ,9313.0  ,4173.0  ,7779.0  ,10824.0
172,51c3cfc2682bf9a627d2772b,0                   ,inf     ,2376.0  ,4369.0  ,6026.0
173,f417f27c1e73e498bd766887,0                   ,inf     ,21603.0 ,30565.0 ,54340.0
174,343d2c452bc2feb922dcc91e,0                   ,inf     ,2332.0  ,4258.0  ,5688.0
175,5570a56de4551ae293012d63,0                   ,inf     ,2283.0  ,3208.0  ,5815.0
176,f994503d50268b78fa00efd2,0                   ,inf     ,2323.0  ,3787.0  ,5760.0
177,2c409f0a64c7ff9389c8fe59,0                   ,inf     ,2755.0  ,5008.0  ,6654.0
178,c715d051ea3791241290ccd5,0                   ,3690.0  ,1410.0  ,2326.0  ,3646.0
179,541bbcf7411b6dffe657dff4,0                   ,inf     ,1361.0  ,2142.0  ,3582.0
180,3b84060ba1df01306f193de9,0                   ,inf     ,80490.0 ,125054.0,193332.0
181,236b2f6da341292f80ad1051,0                   ,inf     ,4117.0  ,6595.0  ,9998.0
182,2b877bece41c67652628e31d,0                   ,5908.0  ,3964.0  ,7510.0  ,9943.0
183,004f615e9012a58bfc38483e,0                   ,inf     ,4104.0  ,7892.0  ,10263.0
184,ce0b8559097e0628b04c8bd1,0                   ,inf     ,4338.0  ,7570.0  ,11000.0
185,8b3dab498c174fdfe36658d6,0                   ,inf     ,3954.0  ,6274.0  ,9910.0
186,992679a9e2a3d7a9424ff968,0                   ,inf     ,4976.0  ,9367.0  ,12565.0
187,3c21cf9eb0e82688d8075673,0                   ,inf     ,1277.0  ,2200.0  ,3253.0
188,5d3c83863246b3b22864592d,0                   ,inf     ,4257.0  ,7567.0  ,10662.0
189,1ed4c568a7d1286d85701fc7,0                   ,9326.0  ,4296.0  ,6835.0  ,11422.0
190,97d0625e6d1969edd6abd51d,0                   ,5939.0  ,1450.0  ,2735.0  ,3288.0
191,e76a78c1fd3ad8ed7e97847f,0                   ,inf     ,1727.0  ,2693.0  ,4750.0
192,d631f881e267f690568ff52b,0                   ,inf     ,1474.0  ,2242.0  ,3906.0
193,56394f5f902b273a602434dc,0                   ,inf     ,988.0   ,1668.0  ,2277.0
194,1318a027f4b55bb608692e77,0                   ,inf     ,889.0   ,1658.0  ,2446.0
195,3d304a8d0d10e28566d2d731,0                   ,inf     ,1650.0  ,2622.0  ,4706.0
196,6772e1aaba295e169d59a2b2,0                   ,inf     ,1593.0  ,2631.0  ,3315.0
197,094f4604eac1007705b0d74c,0                   ,4836.0  ,987.0   ,1701.0  ,2462.0
198,0ea13f70660e5c8327b5c08a,0                   ,inf     ,1427.0  ,2582.0  ,3257.0
199,95df8dfa87deb79d3260e0fa,0                   ,4987.0  ,1433.0  ,2292.0  ,3276.0
200,be2cec130ae3048963e9cc61,0                   ,inf     ,1252.0  ,2240.0  ,3741.0
201,211f156d95a76a52bd25cfcb,0                   ,inf     ,1634.0  ,2753.0  ,4687.0
202,7cd3380298c439654368dbb3,0                   ,5999.0  ,1480.0  ,2179.0  ,3684.0
203,48be99d064315464628f2575,0                   ,4951.0  ,1370.0  ,2620.0  ,3853.0
204,592950b92a9ac448ac3b0db7,0                   ,inf     ,831.0   ,1641.0  ,2466.0
205,74f770754275de10476983fe,0                   ,inf     ,1361.0  ,2189.0  ,3070.0
206,08f80aafc9f43fe3d5d79db5,0                   ,inf     ,1551.0  ,2527.0  ,4267.0
207,e134db19cde63bc7bc0f4cda,0                   ,inf     ,6167.0  ,9102.0  ,15125.0
208,b4b7699f5dcf0fa1558871c4,0                   ,inf     ,4297.0  ,8087.0  ,10970.0
209,28868f05deb43e3a24f83ec8,0                   ,inf     ,4368.0  ,6591.0  ,11374.0
210,77957b2a8cac9b6c8fe1d400,0                   ,inf     ,4337.0  ,8338.0  ,10586.0
211,d0cb0c27d3a772561b9e223b,0                   ,inf     ,4473.0  ,7964.0  ,10797.0
212,8e844e83cce5cf2666a71a9e,0                   ,inf     ,1472.0  ,2534.0  ,3737.0
213,77ae13cdc98a405f9c6ec3e6,0                   ,inf     ,8569.0  ,12925.0 ,21865.0
214,3c9251d7d4fc1e784aada20e,0                   ,inf     ,7134.0  ,10655.0 ,17582.0
215,5cec8b4cf46403d76ba49a1f,0                   ,inf     ,4163.0  ,7326.0  ,10129.0
216,b44b05119cebfa9b25e4dd7b,0                   ,2355.0  ,1090.0  ,1783.0  ,2648.0
217,56e0feac1c39d4e1375e3b1b,0                   ,inf     ,29853.0 ,55779.0 ,78950.0
218,1cae687c678982d721f8602e,0                   ,inf     ,7448.0  ,12874.0 ,18854.0
219,8027b63d34a41bdb178a4699,0                   ,8244.0  ,5268.0  ,10030.0 ,13244.0
220,b0b6f63d8cefe54b5d23cb96,0                   ,inf     ,134272.0,201500.0,345643.0
221,65b2f1e4bcfea9645b7e18ac,0                   ,220838.0,86923.0 ,123580.0,219746.0
222,f4acb0b889b50266fea7f359,0                   ,inf     ,132561.0,220935.0,335354.0
223,33bb3763693c7228bc05bcc3,0                   ,inf     ,152433.0,301084.0,374595.0
224,4836292004113c525eb29d37,0                   ,inf     ,299488.0,457018.0,763511.0
225,42416d3eef3eea7de966aee2,0                   ,inf     ,25981.0 ,44020.0 ,64732.0
226,95218490f98f21cb7ceba237,0                   ,inf     ,9338.0  ,14945.0 ,24687.0
227,242779ee4ee89ce545908584,0                   ,inf     ,9086.0  ,15441.0 ,21950.0
228,3a6ca15e13e53159c39f2051,0                   ,inf     ,3592.0  ,6368.0  ,8673.0
229,64bf99293bb9ea5dc2b9f068,0                   ,10414.0 ,5017.0  ,8324.0  ,13073.0
230,ea3f9440e587f414f0652d4b,0                   ,inf     ,5190.0  ,8468.0  ,13408.0
231,2f6f9ac866be8a0366de5196,0                   ,inf     ,2959.0  ,4329.0  ,7630.0
232,09be41704f4fa7b039961ddf,0                   ,inf     ,26875.0 ,40735.0 ,67779.0
233,222e10750cc2c99162d540c0,0                   ,96808.0 ,37760.0 ,72019.0 ,98244.0
234,ddbcf1a51f2d5a5c0d8dc489,0                   ,inf     ,79538.0 ,131022.0,194259.0
235,a9b91179eaee744c606682fd,0                   ,inf     ,19501.0 ,31119.0 ,50441.0
236,305e2d5df732bff8e9cc4697,0                   ,inf     ,3382.0  ,5434.0  ,8436.0
237,1cc1b69ab33bd8c596ab515e,0                   ,inf     ,4648.0  ,6762.0  ,11686.0
238,dde469b1c355b91fb07f910f,0                   ,inf     ,6949.0  ,9948.0  ,15198.0
239,07f1f5dd918ae40ea5874c24,0                   ,inf     ,6268.0  ,9814.0  ,13617.0
240,a67fc47d2184cd2915fc2421,0                   ,28624.0 ,6708.0  ,9941.0  ,13101.0
241,1b3b1579188ffe3e92724bee,0                   ,inf     ,6063.0  ,10141.0 ,18302.0
242,41aff66706f20fd13f376883,0                   ,inf     ,6248.0  ,10183.0 ,16154.0
243,418cc070f1ba7f11212dda55,0                   ,14060.0 ,6940.0  ,10001.0 ,16272.0
244,b6097931dc1568523f9e3bc0,0                   ,inf     ,6830.0  ,10169.0 ,15433.0
245,11f564562359da9f4d38b3bf,0                   ,30201.0 ,6696.0  ,10089.0 ,15655.0
246,381c8cf5197489c9b929a57c,0                   ,inf     ,5548.0  ,10554.0 ,14632.0
247,3a41b27f997b476c74953d4b,0                   ,inf     ,5804.0  ,10614.0 ,13443.0
248,02869d0bb39ab667b81f5dd3,0                   ,18763.0 ,6458.0  ,9884.0  ,12904.0
249,4dca3aad45387784f7e3acff,0                   ,24537.0 ,5803.0  ,9952.0  ,15165.0
250,baed9123b015d6df7a5ebef6,0                   ,21042.0 ,6853.0  ,10054.0 ,16647.0
251,38eb690142dc266ea1b591c8,0                   ,inf     ,5182.0  ,10007.0 ,16305.0
252,cf57cc9c8ff522e6273f0f2f,0                   ,inf     ,5753.0  ,10153.0 ,14425.0
253,52a6ff4344638217bf81ed27,0                   ,inf     ,5545.0  ,10404.0 ,16431.0
254,6e18473661d158cc14664e0f,0                   ,24362.0 ,5977.0  ,10313.0 ,16423.0
255,2269b43494ff2e284d881151,0                   ,inf     ,5344.0  ,10429.0 ,19487.0
256,c5a392408ae09a7feae5d6b8,0                   ,27769.0 ,6705.0  ,10518.0 ,15306.0
257,d0ac3454d5318632d9ad5c17,0                   ,inf     ,6811.0  ,10225.0 ,15900.0
258,d90697b3084dae3481d7a276,0                   ,inf     ,6675.0  ,10169.0 ,13185.0
259,7f6961242c28038fb6ab861a,0                   ,inf     ,4612.0  ,6576.0  ,9231.0
260,7b77232e05c5bac5480cdf89,0                   ,inf     ,4066.0  ,6291.0  ,10626.0
261,76755ca6e1ae5b613fd1253f,0                   ,inf     ,4543.0  ,6935.0  ,9617.0
262,913b38812024373f752954f4,0                   ,inf     ,5353.0  ,10054.0 ,18011.0
263,634de5b8aab9475c35eb7080,0                   ,23339.0 ,5188.0  ,10114.0 ,18069.0
264,3cd1b8d09243c072c53fde70,0                   ,inf     ,5675.0  ,10063.0 ,13386.0
265,eaa5139831e722f734231024,0                   ,inf     ,3100.0  ,6115.0  ,7722.0
266,ed46d54103077483c83d6e65,0                   ,inf     ,3696.0  ,6658.0  ,8327.0
267,cb06196ce2ab50cc1582fbab,0                   ,inf     ,3777.0  ,6524.0  ,10352.0
268,831a521023e9564a7cab522a,0                   ,14952.0 ,5720.0  ,10219.0 ,14682.0
269,c4a40541f0932bf39f16d16e,0                   ,inf     ,3948.0  ,6339.0  ,8460.0
270,c03109dbdf8f12de81485fd0,0                   ,18024.0 ,4185.0  ,6402.0  ,9407.0
271,69e376f65ffffe17bb3e2b8c,0                   ,inf     ,4060.0  ,7018.0  ,9756.0
272,0a2e122723cd6e50cf89b77b,0                   ,inf     ,4345.0  ,6399.0  ,9431.0
273,43a73df9b57236d58195d881,0                   ,inf     ,5505.0  ,10004.0 ,15746.0
274,fd9d1054af7caba6a4c020cb,0                   ,inf     ,3565.0  ,6486.0  ,9513.0
275,7bc7136846f733be4311638f,0                   ,inf     ,3776.0  ,6590.0  ,10199.0
276,77e8fe9224c516166e5885ad,0                   ,inf     ,3339.0  ,6449.0  ,8033.0
277,3d18b6aa93f042aaa27eb639,0                   ,inf     ,3814.0  ,6550.0  ,11546.0
278,a9c1a0de75a9b10aef3b7cfe,0                   ,inf     ,4441.0  ,6491.0  ,9549.0
279,a6a72b81510a05ab486a151d,0                   ,inf     ,5241.0  ,10173.0 ,13336.0
280,b8808bf8e497ff99f20370b6,0                   ,inf     ,5029.0  ,9984.0  ,13523.0
281,8c7d4e935a1f32e5c6d0112d,0                   ,inf     ,3384.0  ,6492.0  ,9629.0
282,b4c8c88e2422b3372fdd35f4,0                   ,inf     ,3521.0  ,6243.0  ,7860.0
283,62bb84277f0110090ef51426,0                   ,inf     ,5554.0  ,10329.0 ,15011.0
284,e980a1539a76d1b279d70cba,0                   ,inf     ,7008.0  ,9874.0  ,13896.0
285,50404e2aabbcaf178c9768d1,0                   ,inf     ,5533.0  ,9953.0  ,15343.0
286,539134f2ae10197be84c0629,0                   ,inf     ,5380.0  ,10089.0 ,15845.0
287,acc56616849b46b8f565be09,0                   ,inf     ,3589.0  ,6625.0  ,10895.0
288,aecbc0afa4749344b098f0a1,0                   ,17637.0 ,4082.0  ,6638.0  ,11337.0
289,f21e88bfafa449c7cb0bd8e7,0                   ,inf     ,3955.0  ,6398.0  ,11117.0
290,3f3bb8c3fb8ffc6565d4a8c5,0                   ,16923.0 ,4268.0  ,6542.0  ,8713.0
291,c16bacbcf4475e24341418c1,0                   ,inf     ,4309.0  ,6405.0  ,10129.0
292,65033a46a070f6bc809a18b4,0                   ,inf     ,3646.0  ,6650.0  ,9576.0
293,30e805247d77bcb8dbe2663d,0                   ,13132.0 ,3368.0  ,6228.0  ,9370.0
294,94ded3ff0767b0b19fd11b00,0                   ,inf     ,3640.0  ,6807.0  ,9037.0
295,280e84be0608be176f319b91,0                   ,inf     ,6719.0  ,10194.0 ,14939.0
296,d26d61521b3573019b9b54a0,0                   ,inf     ,6263.0  ,10222.0 ,18102.0
297,4535080a73f960962d83a45d,0                   ,inf     ,3558.0  ,6268.0  ,10196.0
298,76285904853b2b7952069192,0                   ,inf     ,6186.0  ,11328.0 ,17550.0
299,6ae3aa453914c78ed9e57835,0                   ,inf     ,4482.0  ,6844.0  ,8860.0
300,117f2bc9b32d97af9aebeafe,0                   ,inf     ,3591.0  ,6530.0  ,9547.0
301,1ee28d78d476743ffc7809ca,0                   ,inf     ,3634.0  ,5965.0  ,8735.0
302,9cf0c927ace1c79a4321f163,0                   ,inf     ,15086.0 ,22982.0 ,36168.0
303,e22f8ba174f2748b8a42856f,0                   ,16803.0 ,6782.0  ,10098.0 ,12343.0
304,0a77f1a89f03e65a39a61ed4,0                   ,inf     ,5468.0  ,10063.0 ,14004.0
305,a0085cf3ce1027f1b7d6afc1,0                   ,inf     ,3609.0  ,6449.0  ,9063.0
306,75f5c8a16f1b9377975b2f78,0                   ,inf     ,5756.0  ,10252.0 ,17865.0
307,ddd210aabecaaeb759f956c3,0                   ,inf     ,6852.0  ,10194.0 ,16587.0
308,d7031a465664f01c6af2fc9d,0                   ,inf     ,4916.0  ,9807.0  ,16292.0
309,2daf2a17e108075392198fb4,0                   ,inf     ,4525.0  ,6415.0  ,11129.0
310,bae249f5e774323f52ff6ffa,0                   ,inf     ,3828.0  ,6576.0  ,9753.0
311,df9b34c5a4cb4685c482a86a,0                   ,inf     ,4064.0  ,6383.0  ,11455.0
312,67a2477f6cd7e0c88169ffca,0                   ,inf     ,3642.0  ,6788.0  ,9636.0
313,31f453d140744edeef17da0a,0                   ,inf     ,7011.0  ,10353.0 ,17784.0
314,605d9a307f558a0b7d1a1406,0                   ,inf     ,3969.0  ,6347.0  ,8980.0
315,624423700ff3536ab17d3f81,0                   ,inf     ,3533.0  ,6445.0  ,8079.0
316,4c16e772093ad337447a4259,0                   ,inf     ,3799.0  ,6648.0  ,11638.0
317,af9fbd7856d4f99ad377a853,0                   ,inf     ,4001.0  ,6894.0  ,10076.0
318,13202dffa951f6b210a22e86,0                   ,11700.0 ,4370.0  ,6567.0  ,8573.0
319,b5470f02640196e468831f01,0                   ,inf     ,3875.0  ,6139.0  ,9172.0
320,ddef8c82359e21365077b2b4,0                   ,inf     ,3647.0  ,6716.0  ,8702.0
321,5cbde6ff084321ff1f158749,0                   ,inf     ,5698.0  ,10523.0 ,15884.0
322,ab0127b2939f04ec87b25ecb,0                   ,inf     ,5479.0  ,9821.0  ,16361.0
323,1732c85de05a7059b3e61b28,0                   ,inf     ,4450.0  ,6255.0  ,9673.0
324,d2fdddf480193b2941c60515,0                   ,inf     ,3479.0  ,6401.0  ,11026.0
325,43b662b259ef15f0b3c2ac1a,0                   ,inf     ,5965.0  ,9729.0  ,15686.0
326,267e395889d0c21f6f40ab6b,0                   ,inf     ,3470.0  ,6688.0  ,8798.0
327,e036a852caa34a2d6639543d,0                   ,inf     ,173967.0,292180.0,452615.0
328,d7028703dcbb5d4d7a439a6a,0                   ,inf     ,133830.0,232600.0,353754.0
329,30c57a16e8445832a66cae5d,0                   ,inf     ,25638.0 ,46828.0 ,65661.0
330,382db0c4022704035afc25d4,0                   ,336534.0,128833.0,249706.0,338581.0
331,f725afe5603dcb4a5ec7131d,0                   ,inf     ,87282.0 ,140717.0,214167.0
332,cab9f28c5530a3f62c132e84,0                   ,inf     ,310893.0,488155.0,753361.0
333,24cc4477259669ea9fe57614,0                   ,inf     ,152953.0,292700.0,376333.0
334,d65cb8c6cc9ed9bb414312a8,0                   ,inf     ,7361.0  ,12503.0 ,18510.0
335,cb7dbcd5cf26131d25a38f79,0                   ,inf     ,3524.0  ,6542.0  ,9238.0
336,85996461a74cdfbedac7bc37,0                   ,inf     ,1509.0  ,2763.0  ,4626.0
337,e5c18064939489eaa8a588ff,0                   ,inf     ,3728.0  ,6554.0  ,10870.0
338,7f994820552f391efbf5cd0e,0                   ,20702.0 ,4908.0  ,7008.0  ,9269.0
339,eef3764e0f4723708596c039,0                   ,inf     ,1386.0  ,2686.0  ,4321.0
340,44b4fcab2d92e1358f8ca2ea,0                   ,inf     ,2209.0  ,3573.0  ,5274.0
341,f258c4ac002b0a099c8b1030,0                   ,inf     ,1976.0  ,3271.0  ,4395.0
342,b6b486e8c17ae1061167cc9c,0                   ,inf     ,1933.0  ,3540.0  ,5827.0
343,448da622bbc2279cbd6aac2c,0                   ,inf     ,1678.0  ,3355.0  ,5096.0
344,cb5afde541bde63e29ca1919,0                   ,inf     ,2717.0  ,3839.0  ,5717.0
345,4ccd24208ebd02405fb15402,0                   ,inf     ,2078.0  ,3464.0  ,5220.0
346,3da3fea24448c0bafeb8f93e,0                   ,5203.0  ,2294.0  ,3460.0  ,5079.0
347,b9fe19330d6e4f1a5c8317fb,0                   ,inf     ,1821.0  ,3446.0  ,5305.0
348,4ce48021925ee997ca13886a,0                   ,inf     ,1706.0  ,3367.0  ,5618.0
349,226e70fdb65faf185a3fd5bd,0                   ,inf     ,4791.0  ,8318.0  ,12161.0
350,9564190469361f5fd28d71e8,0                   ,inf     ,4105.0  ,6137.0  ,10785.0
351,232e3f33fb5838c5d0380c78,0                   ,inf     ,8374.0  ,15653.0 ,20367.0
352,884a0c91046aafe6e64f6156,0                   ,15175.0 ,5134.0  ,9515.0  ,12845.0
353,fcd3558f084b97a7a9accabe,0                   ,13671.0 ,5158.0  ,7453.0  ,12625.0
354,d991b4a8b9d96ba4ad85e954,0                   ,inf     ,3497.0  ,5017.0  ,8853.0
355,d1fab9c1060714b7683c9719,0                   ,inf     ,5765.0  ,10702.0 ,15289.0
356,cc6b81347be3df317d87a538,0                   ,inf     ,7053.0  ,13746.0 ,18607.0
357,4ba7bb78927442b9f7076b1a,0                   ,inf     ,723.0   ,1419.0  ,2049.0
358,7993bbd97668685db0ba84ef,0                   ,inf     ,979.0   ,1430.0  ,2138.0
359,0211ad49790707a917a285a1,0                   ,8922.0  ,2354.0  ,3466.0  ,5188.0
360,61b4e3556db26dabf81a2bef,0                   ,inf     ,2351.0  ,3436.0  ,4701.0
361,e07b7020e80ccd50cc935ccb,0                   ,inf     ,8763.0  ,13154.0 ,22488.0
362,82fdaf1fcbac4ca82f22c467,0                   ,inf     ,1702.0  ,3049.0  ,4211.0
363,fb750da615dabc469b271d8e,0                   ,4503.0  ,2036.0  ,3017.0  ,4419.0
364,0020c0b688610e5eba3608a1,0                   ,inf     ,2261.0  ,3198.0  ,4746.0
365,67c67d9d5ea07839947d3fb0,0                   ,inf     ,1893.0  ,2995.0  ,4315.0
366,9e17a553bc506a3d7b5670a0,0                   ,inf     ,1769.0  ,2943.0  ,4655.0
367,ab2e386bb2acdad763bbcaec,0                   ,inf     ,1630.0  ,3104.0  ,4328.0
368,2eb7c79e7b944da64229d6e3,0                   ,inf     ,2025.0  ,2963.0  ,3985.0
369,5ddf1f23cf53e772bf623fd9,0                   ,inf     ,1724.0  ,3247.0  ,5728.0
370,987e409ab305c2345889e1c3,0                   ,inf     ,1621.0  ,2993.0  ,4491.0
371,f884c5e19bf2a5026d93e10e,0                   ,inf     ,1553.0  ,3042.0  ,4857.0
372,7e1fd5e34de8ec7727705b73,0                   ,inf     ,1690.0  ,3001.0  ,4797.0
373,0f9869f32f17cc6b65848f53,0                   ,inf     ,2122.0  ,3052.0  ,4997.0
374,2f5502d0304d066c091cae47,0                   ,inf     ,1494.0  ,2948.0  ,5502.0
375,41ada3836c4d6da5d9fd22d3,0                   ,inf     ,1784.0  ,3280.0  ,4323.0
376,9c7af361731d56064442211c,0                   ,inf     ,1943.0  ,3121.0  ,4572.0
377,8e13413ea7934198b020ab74,0                   ,inf     ,1853.0  ,3144.0  ,5478.0
378,2eafc8dbd8c450258629aff7,0                   ,inf     ,1858.0  ,3174.0  ,5117.0
379,ec7d6d002b2595ba5463d5ab,0                   ,inf     ,2191.0  ,3234.0  ,5892.0
380,def48aee8f9bac88a1539722,0                   ,inf     ,2917.0  ,4797.0  ,6421.0
381,30e2dfa6ece08815c50d3b50,0                   ,inf     ,2186.0  ,3302.0  ,5633.0
382,d49b4dc7e8f2f127b33c79dc,0                   ,inf     ,2127.0  ,3161.0  ,5491.0
383,a0575aa25eff39f5c6f7e4c1,0                   ,8552.0  ,1538.0  ,3061.0  ,3919.0
384,80dfe52b526caba9eea8a332,0                   ,inf     ,1986.0  ,3652.0  ,4972.0
385,4514809d42d92183e3a6e234,0                   ,inf     ,10142.0 ,17261.0 ,26574.0
386,128627a113b7494f79956955,0                   ,inf     ,1651.0  ,3208.0  ,5255.0
387,adb0e94c32bdec6dbc412fb7,0                   ,inf     ,1688.0  ,3076.0  ,4176.0
388,61e021e6a1c4247c3a34edec,0                   ,inf     ,1904.0  ,3127.0  ,4995.0
389,0a1185eecb13aa05e9b765f6,0                   ,inf     ,2004.0  ,3075.0  ,5290.0
390,4561d44fa4d5a5bf2d1b670b,0                   ,inf     ,2199.0  ,3994.0  ,5197.0
391,73b6da8e6da644bfe30ac2ee,0                   ,inf     ,2114.0  ,3175.0  ,5386.0
392,77cff88c05845a1b86e39beb,0                   ,inf     ,650.0   ,955.0   ,1603.0
393,ac7522ffe301e0182cff2ad7,0                   ,inf     ,4749.0  ,8905.0  ,12345.0
394,0f30511dc041a381c57b0cff,0                   ,inf     ,61148.0 ,117752.0,157429.0
395,2438ff5302123597ea33c816,0                   ,inf     ,67884.0 ,135570.0,173903.0
396,d797adb2dddccad12715c806,0                   ,inf     ,869.0   ,1735.0  ,3219.0
397,335f26955bed96bcac58b72d,0                   ,inf     ,8157.0  ,14375.0 ,20943.0
398,ddfa73022fdeb3560f61f32b,0                   ,inf     ,1542.0  ,2172.0  ,3826.0
399,613d19061f3e5e1da3000020,0                   ,109044.0,16286.0 ,25525.0 ,41634.0
400,40bfd2b9fd280fbeccd7a937,0                   ,inf     ,8600.0  ,16933.0 ,22123.0
401,14c70ccff599067b14978463,0                   ,inf     ,1911.0  ,3359.0  ,4954.0
402,03915d8ac3e5bd4a4a14f0b3,0                   ,inf     ,808.0   ,1589.0  ,2455.0
403,675e2ae99b8df811f3c6e235,0                   ,inf     ,2160.0  ,3785.0  ,5302.0
404,0d8e962a55895f9bb45c3b6a,0                   ,inf     ,3460.0  ,6881.0  ,11469.0
405,2e710b25555c8d1cdd89ce1c,0                   ,inf     ,3486.0  ,6969.0  ,10240.0
406,7469bfb2a4d46325c236bfad,0                   ,inf     ,2053.0  ,3340.0  ,5224.0
407,0f2ba0514041c62cfa9fc19d,0                   ,inf     ,1968.0  ,3630.0  ,4984.0
408,80af940ad799003aab1d31da,0                   ,inf     ,1532.0  ,2772.0  ,3834.0
409,3c0698c09f44e3bcb46c82cf,0                   ,inf     ,1801.0  ,2722.0  ,4341.0
410,aa52bdc64fd3845ce12849b9,0                   ,inf     ,1978.0  ,3239.0  ,5039.0
411,76e49bad306f3ac845422661,0                   ,inf     ,1920.0  ,2871.0  ,4808.0
412,38f6beaeb95aaefbe2cd6bc2,0                   ,inf     ,1980.0  ,3035.0  ,5172.0
413,259cf1eca06ae1c933f19563,0                   ,inf     ,1393.0  ,1993.0  ,3489.0
414,19ccc340433bc99e84ad62e5,0                   ,inf     ,1822.0  ,2853.0  ,4788.0
415,b43e55f70e0470a01a49b1a1,0                   ,inf     ,2215.0  ,3235.0  ,5647.0
416,260e05cbbc19faf180a92449,0                   ,9588.0  ,1868.0  ,3741.0  ,4767.0
417,42fdd0b55093c4ca7cbd7d97,0                   ,inf     ,2230.0  ,3773.0  ,5722.0
418,0581fcdf4f3ffabb865c0dc0,0                   ,inf     ,2308.0  ,3551.0  ,5737.0
419,3ca4cdfb2a1379ef7f75f08d,0                   ,inf     ,1541.0  ,2364.0  ,3830.0
420,3f7a091f6e5125d793cf72f9,0                   ,inf     ,1686.0  ,3014.0  ,4172.0
421,c3c76cf59220a213446933ca,0                   ,inf     ,1615.0  ,2216.0  ,4073.0
422,86fb39e889161379da0b9554,0                   ,inf     ,1626.0  ,2761.0  ,3941.0
423,2eb5fda91f2661a215173b38,0                   ,11619.0 ,1813.0  ,2812.0  ,4410.0
424,23ac97be03b0efd214eed16f,0                   ,inf     ,1585.0  ,2961.0  ,4083.0
425,074b7a264cda242279b9cd31,0                   ,inf     ,1931.0  ,3773.0  ,4939.0
426,bb6203e99062311e7f6e6727,0                   ,inf     ,2647.0  ,4531.0  ,6627.0
427,ede79f9ec73751ff44c77542,0                   ,3485.0  ,1467.0  ,2862.0  ,4124.0
428,f32a43e2858fdf97483e385d,0                   ,inf     ,19882.0 ,34065.0 ,58124.0
429,f30fee97dbab359044fe5ccd,0                   ,inf     ,604.0   ,1095.0  ,1669.0
430,d9b99efb39d4ce8a656c0726,0                   ,inf     ,2360.0  ,4757.0  ,6206.0
431,e2473f313493e0b36340cc39,0                   ,14867.0 ,3134.0  ,5878.0  ,7889.0
432,59fb9992dabd127f6a1ad8cb,0                   ,inf     ,2487.0  ,5275.0  ,6480.0
433,dcdd80df99b2df9f76bf8be6,0                   ,inf     ,4990.0  ,8084.0  ,12722.0
434,377aac1026cabfc3d33e8de2,0                   ,inf     ,4540.0  ,7885.0  ,13195.0
435,482b65ecffbb18f9864904bf,0                   ,inf     ,3136.0  ,6294.0  ,7674.0
436,482b496aa7ab22c1214c8a75,0                   ,inf     ,2698.0  ,5013.0  ,6593.0
437,5df44f314f1b8ff35e2411c0,0                   ,inf     ,4867.0  ,7733.0  ,9704.0
438,6ba6d626dff013817be55bd8,0                   ,inf     ,3893.0  ,7719.0  ,10367.0
439,ceef76fdb46aa939c8c418a7,0                   ,17119.0 ,4729.0  ,7774.0  ,10076.0
440,3e31534626e58c7d906f0ef0,0                   ,19981.0 ,3904.0  ,7657.0  ,10138.0
441,31c1f423ac00083541bac983,0                   ,14239.0 ,4697.0  ,7951.0  ,11929.0
442,0fe4200b7552216c056662a9,0                   ,inf     ,3066.0  ,5736.0  ,7841.0
443,42146dce76892fea1bfb982e,0                   ,13279.0 ,2651.0  ,4804.0  ,6539.0
444,9576c226d3c1c09201050e18,0                   ,inf     ,2979.0  ,5765.0  ,7715.0
445,d7f061ac04ab6f86325bb059,0                   ,inf     ,3116.0  ,5442.0  ,7867.0
446,077602895b059a9688995efc,0                   ,5077.0  ,2164.0  ,3177.0  ,5570.0
447,cf912c779eee1eb03e786828,0                   ,9795.0  ,3012.0  ,4052.0  ,7369.0
448,dfff2477f26fe48208028dfa,0                   ,inf     ,3021.0  ,4186.0  ,7573.0
449,90b6cee196e246880e999668,0                   ,inf     ,5325.0  ,7911.0  ,9591.0
450,1d75bd5d8c316dbeb860329f,0                   ,inf     ,2497.0  ,5065.0  ,6611.0
451,73210dff8c5e30948f8d59af,0                   ,inf     ,5383.0  ,8964.0  ,13812.0
452,6d407ec4b7128f2ac20484ec,0                   ,inf     ,2323.0  ,4293.0  ,6046.0
453,2f2ff509afedb3f2340b6a23,0                   ,inf     ,2343.0  ,3553.0  ,6089.0
454,e09a5f238645faf05a07a832,0                   ,4663.0  ,2343.0  ,3565.0  ,5863.0
455,8aaa74cca9c8a509d583ded2,0                   ,inf     ,4789.0  ,9551.0  ,11599.0
456,904c9c689e46f1b817a55b70,0                   ,inf     ,4800.0  ,8271.0  ,11892.0
457,615bc4811f2aa20cbb111e88,0                   ,inf     ,2959.0  ,5145.0  ,6801.0
458,b9b59ba389ee7350ee0f62ab,0                   ,inf     ,7849.0  ,12398.0 ,19868.0
459,be32971ee128d9fc36dc9512,0                   ,inf     ,4341.0  ,7185.0  ,10447.0
460,5fd3b1eb6b5cbbd048593fdc,0                   ,inf     ,5883.0  ,10900.0 ,15404.0
461,a2072346d6ab49be28dac350,0                   ,inf     ,6078.0  ,11210.0 ,16072.0
462,d5eecdda7b8295e2584f8999,0                   ,inf     ,7276.0  ,12083.0 ,17494.0
463,79fd40c8b918be6f83caf6ff,0                   ,inf     ,8167.0  ,15496.0 ,20319.0
464,4054989c10e2f284b45bd634,0                   ,inf     ,5422.0  ,8645.0  ,13455.0
465,cea5d80f1c8650ccc609ac56,0                   ,inf     ,3209.0  ,5117.0  ,8463.0
466,08bd69121f9145cb6405bad6,0                   ,inf     ,1039.0  ,2059.0  ,2608.0
467,c0a186d7570bd025f2e1ce50,0                   ,inf     ,8996.0  ,13578.0 ,22139.0
468,29d887147e9cfacf908bd270,0                   ,inf     ,3230.0  ,5769.0  ,7959.0
469,ce2a1a1d042c2029046be97a,0                   ,inf     ,41041.0 ,59910.0 ,98677.0
470,578e8fb2cd89e38a5556a615,0                   ,inf     ,41140.0 ,67032.0 ,107056.0
471,f32dd701c7b14165050b8f5f,0                   ,inf     ,3951.0  ,6981.0  ,9508.0
472,5c2e61939f2002c7ff625991,0                   ,inf     ,1137.0  ,2217.0  ,2865.0
473,8ab7cec1561ab0fbf08ec2f2,0                   ,inf     ,35737.0 ,69610.0 ,94819.0
474,3e0bb1268f0ef0173c101783,0                   ,inf     ,3619.0  ,5905.0  ,8985.0
475,9b0a463458ea8bc2c7483074,0                   ,inf     ,1518.0  ,2770.0  ,3962.0
476,8f5989f3b76cf8ddd7e4d549,0                   ,inf     ,2227.0  ,4423.0  ,5897.0
477,94f32086e306052d2ee1a858,0                   ,9063.0  ,3188.0  ,4816.0  ,8080.0
478,0e84c8c250d93750978977f0,0                   ,inf     ,2869.0  ,5594.0  ,7071.0
479,24d19f031463003a309a7a53,0                   ,53103.0 ,19544.0 ,28236.0 ,50040.0
480,4e6eec8caf43c07b6aef1373,0                   ,inf     ,634.0   ,1025.0  ,1651.0
481,ab20ed9849174934df441bba,0                   ,inf     ,9339.0  ,18325.0 ,22431.0
482,94929183592955712fa925c5,0                   ,inf     ,1134.0  ,1947.0  ,2863.0
483,edafc021adccce26cbc51286,0                   ,inf     ,2212.0  ,3293.0  ,4450.0
484,e76bb8545f30ef8947013143,0                   ,inf     ,1626.0  ,3161.0  ,4142.0
485,50b1d56859bedbaccd5228e4,0                   ,inf     ,1749.0  ,3181.0  ,5315.0
486,1d52d7d42ecf7c51c0b127f5,0                   ,8432.0  ,1898.0  ,3158.0  ,4344.0
487,cb7842b483438fe2aca6b7d3,0                   ,inf     ,1742.0  ,3289.0  ,4826.0
488,b4df127418de786001f3014c,0                   ,inf     ,1932.0  ,3188.0  ,4542.0
489,fe6d6f991da0093ac4b67f55,0                   ,7554.0  ,2135.0  ,3259.0  ,5117.0
490,455dba3f5176ead7d303f191,0                   ,inf     ,2112.0  ,3084.0  ,4844.0
491,0f7c3479334b32edaa215f9c,0                   ,inf     ,1744.0  ,3155.0  ,4146.0
492,bb28763b6cd41062ae53b3ff,0                   ,7919.0  ,2234.0  ,3256.0  ,4579.0
493,64ae282dcf8d8c3dd54e3cb1,0                   ,7679.0  ,1864.0  ,3245.0  ,4456.0
494,276a353bf5476a3b59a623f9,0                   ,inf     ,1881.0  ,3296.0  ,4730.0
495,ede38fda388039342e51d4f7,0                   ,inf     ,1619.0  ,3204.0  ,5178.0
496,66be2b20ca19823f29f0c02f,0                   ,inf     ,2022.0  ,3089.0  ,5276.0
497,ff80b243f5e7703746fb9a90,0                   ,8761.0  ,1730.0  ,3109.0  ,4312.0
498,e0b7091087ecfaa79410b625,0                   ,inf     ,1816.0  ,3141.0  ,4980.0
499,6e0f0a8917c6d7b25f759772,0                   ,inf     ,1965.0  ,3236.0  ,5285.0
