   ,Unnamed: 0,t4    ,p100 ,v100 ,job_name                ,norm_job_submit_time,ddl
0  ,0         ,34    ,23   ,10   ,247a8eace6cd35344afb87e7,0.0                 ,inf
1  ,1         ,521   ,397  ,197  ,39559b64bbe03cd35a9576b7,0.0                 ,613.0
2  ,2         ,24    ,13   ,7    ,d7bd997548eabd2f86fced0b,0.0                 ,inf
3  ,3         ,23    ,15   ,8    ,66c34d67d75c2051110f703a,0.0                 ,inf
4  ,4         ,24    ,13   ,8    ,660ac6f42f03a30cd8944642,0.0                 ,34.0
5  ,5         ,33    ,17   ,13   ,75fb5e58b681ea332a9ff738,0.0                 ,inf
6  ,6         ,24    ,13   ,9    ,b91ddb3bcee8fcbccd619f3b,0.0                 ,inf
7  ,7         ,80    ,47   ,34   ,d9de921e32a0b4edb97aee71,0.0                 ,inf
8  ,8         ,584   ,332  ,168  ,66f970ecdc92827714ea9f7c,0.0                 ,inf
9  ,9         ,195   ,123  ,68   ,c086298fbc767e3f4ffec4ca,0.0                 ,inf
10 ,10        ,23    ,15   ,9    ,0ab03f67f20c513b58dde11d,0.0                 ,inf
11 ,11        ,162   ,107  ,53   ,63432d1622cccd85fe723cb8,0.0                 ,inf
12 ,12        ,24    ,15   ,8    ,6b1b90e9c1f3e992af0050eb,0.0                 ,inf
13 ,13        ,368   ,188  ,101  ,cdaeaf597504464b1bcb0a7d,0.0                 ,inf
14 ,14        ,34    ,19   ,13   ,368d1462e9e4d78d3f00efcc,0.0                 ,inf
15 ,15        ,152   ,84   ,41   ,fa1a71d9311503a3d40cd390,0.0                 ,333.0
16 ,16        ,23    ,13   ,8    ,ca59e6752c67be5103bd8d67,0.0                 ,inf
17 ,17        ,53    ,31   ,17   ,8422056c4e01bd3a0a9c5422,0.0                 ,inf
18 ,18        ,23    ,15   ,8    ,27aac80ebe4284879dd4f542,0.0                 ,77.0
19 ,19        ,96    ,60   ,31   ,651a9fe886867f3371610e62,0.0                 ,74.0
20 ,20        ,150   ,84   ,47   ,30e8bacbdeeb50fc67b72056,0.0                 ,inf
21 ,21        ,24    ,15   ,8    ,570caf2ed5460d78afed2ac8,0.0                 ,inf
22 ,22        ,195   ,102  ,56   ,931431df7b41ce5d9da8c7bf,0.0                 ,144.0
23 ,23        ,292   ,150  ,88   ,de74b56db604d9e0651e7c8c,0.0                 ,inf
24 ,24        ,33    ,17   ,12   ,a6af78b214abf69ac8a46db2,0.0                 ,inf
25 ,25        ,23    ,12   ,9    ,26f49a11c83a384db2f547c1,0.0                 ,38.0
26 ,26        ,24    ,15   ,8    ,f48e606029dcc0632f6ea140,0.0                 ,inf
27 ,27        ,1270  ,755  ,463  ,46f4aed21618588898d7488c,0.0                 ,inf
28 ,28        ,43    ,22   ,15   ,c384e53f05394d77199e6011,0.0                 ,inf
29 ,29        ,1513  ,952  ,506  ,a2d7dd4b5370b4c4196d7609,0.0                 ,2621.0
30 ,30        ,33    ,17   ,10   ,837ac82ff0a8313a1e6ca500,0.0                 ,89.0
31 ,31        ,1401  ,846  ,426  ,1be4560500ce71cacda45710,0.0                 ,inf
32 ,32        ,1836  ,972  ,592  ,4f503649aa25bd2200cf9896,0.0                 ,inf
33 ,33        ,242   ,141  ,73   ,ff8b63a12ae33c18d52caeaf,0.0                 ,inf
34 ,34        ,336   ,199  ,122  ,d73b14caa39b9dfd1fba9417,0.0                 ,inf
35 ,35        ,23    ,15   ,9    ,2f7d1c38e03df822023081be,0.0                 ,50.0
36 ,36        ,33    ,18   ,10   ,6dc65a263ea969bf20498004,0.0                 ,18.0
37 ,37        ,52    ,30   ,16   ,a9d398d0f877f84884c95b49,0.0                 ,inf
38 ,38        ,649   ,341  ,195  ,43093826ef31bc095063cc72,0.0                 ,2088.0
39 ,39        ,18696 ,12354,7305 ,ee37efa38f785dd055e58f6f,0.0                 ,inf
40 ,40        ,304   ,202  ,116  ,05c9c0b2ea0cd0023f6d5755,0.0                 ,inf
41 ,41        ,23    ,12   ,8    ,bd50dfad922f89f423d5d8ed,0.0                 ,inf
42 ,42        ,34    ,21   ,13   ,0c157521441335608f4835de,0.0                 ,inf
43 ,43        ,118   ,64   ,36   ,48fb5d18cb2e4dab3383506d,0.0                 ,inf
44 ,44        ,24    ,15   ,9    ,0968d05b89aaaf9de8ace8c9,0.0                 ,inf
45 ,45        ,42    ,22   ,12   ,c9cc6898de63380a664e41f9,0.0                 ,inf
46 ,46        ,24    ,15   ,9    ,d60aa06e369c6f6f11871ed1,0.0                 ,inf
47 ,47        ,44    ,25   ,16   ,6722018b8079ba3c36078cb2,0.0                 ,inf
48 ,48        ,34    ,17   ,11   ,7644ff984a274a6fda647c2d,0.0                 ,119.0
49 ,49        ,23    ,15   ,7    ,daf3a70bd350e39c92c8c9b2,0.0                 ,26.0
50 ,50        ,164   ,109  ,51   ,20737ff9f389dbdb77087210,0.0                 ,inf
51 ,51        ,262   ,160  ,92   ,e0def7234b46377a715fe959,0.0                 ,inf
52 ,52        ,47    ,30   ,18   ,0150e8e6cb6551b8d9a43667,0.0                 ,inf
53 ,53        ,34    ,22   ,14   ,ef4a691a02e3dcbffeb57a18,0.0                 ,inf
54 ,54        ,42    ,22   ,13   ,1087fb77827e5556cd58f6a3,0.0                 ,70.0
55 ,55        ,88    ,51   ,33   ,18100b4a0df1574dca75ef35,0.0                 ,inf
56 ,56        ,24    ,13   ,8    ,799b2990062f3a1d0933f21b,0.0                 ,inf
57 ,57        ,84    ,47   ,26   ,011a5b027bffb2bbb6d82aef,0.0                 ,inf
58 ,58        ,24    ,15   ,8    ,171308fe5f4bc3041a20e01c,0.0                 ,47.0
59 ,59        ,59    ,39   ,22   ,e30517266dfcbf2f5427eea0,0.0                 ,inf
60 ,60        ,34    ,18   ,10   ,80cacd12cf0d45a694265c8f,0.0                 ,inf
61 ,61        ,23    ,12   ,9    ,887eb7f73298ea2565798364,0.0                 ,inf
62 ,62        ,34    ,20   ,12   ,7d9e9f004e79b02ef8fc1c6b,0.0                 ,inf
63 ,63        ,78    ,41   ,28   ,41aab38f435ebc7a63cf1853,0.0                 ,inf
64 ,64        ,694   ,379  ,278  ,a6739bcd2dce68ad00e23846,0.0                 ,inf
65 ,65        ,148   ,84   ,44   ,157e588dcbd94e972fdffb33,0.0                 ,472.0
66 ,66        ,23    ,14   ,9    ,50f0a33cd9aacfdd9f8c4947,0.0                 ,inf
67 ,67        ,23    ,12   ,7    ,bd1dcbb35c0080552ca0ca64,0.0                 ,inf
68 ,68        ,58    ,37   ,21   ,05a34241fd5545e5e9662442,0.0                 ,inf
69 ,69        ,637   ,354  ,195  ,df9c6033abd7651f9c9ebd35,0.0                 ,inf
70 ,70        ,33    ,20   ,10   ,6cd65f73f01515ed6ba0657a,0.0                 ,inf
71 ,71        ,71    ,36   ,16   ,8b7fce453773076c2ec21a9e,0.0                 ,43.0
72 ,72        ,24    ,15   ,8    ,02c3ea180fe787e8d1777cc2,0.0                 ,19.0
73 ,73        ,34    ,20   ,10   ,bbe772d31738a42405be068e,0.0                 ,inf
74 ,74        ,11167 ,6626 ,3830 ,a35be87ca2a5d1a470363c8b,0.0                 ,inf
75 ,75        ,156   ,88   ,57   ,84acdb7f06d18987d4d62b98,0.0                 ,inf
76 ,76        ,23    ,13   ,8    ,9ff5147ba34ff9769c10a2c9,0.0                 ,39.0
77 ,77        ,24    ,15   ,8    ,1e397b715785a068c24b9211,0.0                 ,25.0
78 ,78        ,352   ,224  ,125  ,7a4e65b97d9bd9074079ddef,0.0                 ,inf
79 ,79        ,36    ,18   ,11   ,3932d16976bf1f5e52900c61,0.0                 ,inf
80 ,80        ,23    ,12   ,8    ,7bfb22106f3f35157ecbb92e,0.0                 ,61.0
81 ,81        ,24    ,15   ,7    ,ad863896d3c19fe50063ed66,0.0                 ,inf
82 ,82        ,70    ,40   ,27   ,a6d88b4e941fa2a24b75b437,0.0                 ,45.0
83 ,83        ,88    ,45   ,31   ,ea872c03e54c89de85b99f35,0.0                 ,inf
84 ,84        ,33    ,18   ,10   ,fa311eae0bef1231bb45295d,0.0                 ,inf
85 ,85        ,24    ,14   ,7    ,74dfd0447a2ce34ba67c1c5a,0.0                 ,35.0
86 ,86        ,23    ,12   ,8    ,7e996212a2d9ab5a6efad359,0.0                 ,inf
87 ,87        ,23    ,12   ,7    ,cdb1a230495eacf7691a4dfb,0.0                 ,inf
88 ,88        ,67    ,40   ,20   ,7ebc4ed39f86902d61d8ade1,0.0                 ,inf
89 ,89        ,43    ,26   ,15   ,7d5648b5c3ba8497e9be4e99,0.0                 ,inf
90 ,90        ,25    ,14   ,9    ,6aabbfceec9650f21f73a181,0.0                 ,inf
91 ,91        ,33    ,18   ,12   ,0fafa7ea7dc3a79d3668ebae,0.0                 ,inf
92 ,92        ,23    ,13   ,8    ,c2196e3d92918c9ec45e2592,0.0                 ,18.0
93 ,93        ,24    ,15   ,8    ,23da4c20b48b2cfd33b1862b,0.0                 ,inf
94 ,94        ,34    ,20   ,12   ,374374c41051ad5f05747098,0.0                 ,100.0
95 ,95        ,1892  ,1182 ,551  ,b750b0827d4845edf7dd8d2b,0.0                 ,inf
96 ,96        ,24    ,13   ,9    ,5d3f31db18e7855512ca82cf,0.0                 ,inf
97 ,97        ,44    ,27   ,15   ,95fc023eebef92c32442cb17,0.0                 ,inf
98 ,98        ,577   ,330  ,180  ,43110a0ebf27ebcb9de81d0b,0.0                 ,inf
99 ,99        ,24    ,12   ,8    ,6284756d98c5ee49d1be5d6b,0.0                 ,inf
100,100       ,33    ,18   ,11   ,46b3a6124315e08b46dadf04,0.0                 ,inf
101,101       ,23    ,12   ,8    ,6d133b1669a076532e06a54e,0.0                 ,inf
102,102       ,538   ,298  ,194  ,a73ee4f47fb17fb2a2b39369,0.0                 ,486.0
103,103       ,24    ,13   ,8    ,dd6a91dd04d97a0df8932900,0.0                 ,inf
104,104       ,65    ,41   ,21   ,2fed1efc822171cc879e3e19,0.0                 ,inf
105,105       ,24    ,14   ,9    ,c69f8121dcf09c6de524994b,0.0                 ,inf
106,106       ,34    ,22   ,11   ,fcf62898c50339c522d39838,0.0                 ,inf
107,107       ,23    ,13   ,9    ,73b503e217ef6576d0e4f7c2,0.0                 ,inf
108,108       ,34    ,20   ,11   ,c7547cab20aa1c1c421ae3c4,0.0                 ,inf
109,109       ,1081  ,807  ,425  ,2634298e38432d01c618a913,0.0                 ,2633.0
110,110       ,23    ,14   ,8    ,7a08f4e762edafdff7f38dbc,0.0                 ,inf
111,111       ,538   ,350  ,191  ,ebaa16b1cc86d59a6d7e9f35,0.0                 ,inf
112,112       ,34    ,18   ,13   ,05e70c9045fb0e085b91566e,0.0                 ,inf
113,113       ,44    ,27   ,13   ,df9592db6e246c1132183185,0.0                 ,inf
114,114       ,504   ,331  ,192  ,f7a18d8a79b355e8c124575e,0.0                 ,inf
115,115       ,150   ,92   ,62   ,6d981366fc6c189e9ec80f1a,0.0                 ,inf
116,116       ,33    ,19   ,12   ,e9462c0b314ccc6d42b8ce0a,0.0                 ,inf
117,117       ,72    ,41   ,22   ,758fc0ed8b4bb4e3bd37f400,0.0                 ,inf
118,118       ,23    ,12   ,8    ,39c04cd8e118cb697313b499,0.0                 ,inf
119,119       ,18674 ,9806 ,7339 ,bbf6317a6bfa813b721ee25c,0.0                 ,inf
120,120       ,24    ,14   ,8    ,90e72faf2084be8ccf2015f8,0.0                 ,inf
121,121       ,500   ,291  ,181  ,b22c0735cade3de50b9ae66d,0.0                 ,inf
122,122       ,34    ,20   ,13   ,3cb01ccafdeee7e981716207,0.0                 ,inf
123,123       ,24    ,13   ,7    ,236c46f7af184764ae8c69e9,0.0                 ,inf
124,124       ,24    ,12   ,8    ,02302a8f5abd19364bbb9d54,0.0                 ,inf
125,125       ,33    ,19   ,12   ,9075f358b1a42eb78f6c4e6f,0.0                 ,95.0
126,126       ,24    ,12   ,9    ,5e7996f5cd1658dae00b6a6e,0.0                 ,26.0
127,127       ,24    ,15   ,10   ,513beb58a19cbc2200044526,0.0                 ,inf
128,128       ,843   ,455  ,223  ,5cf9e63a8c8c48187f53dccf,0.0                 ,inf
129,129       ,354   ,183  ,130  ,e4596a061c42bf70293fc716,0.0                 ,495.0
130,130       ,166   ,106  ,56   ,56423c47a752c2486c0fa663,0.0                 ,369.0
131,131       ,60    ,31   ,19   ,c6b1b6f1aaf39e115103ef87,0.0                 ,55.0
132,132       ,13751 ,6897 ,4457 ,bcb1e5c5b8b1e7ba47bf6d14,0.0                 ,21895.0
133,133       ,43    ,28   ,14   ,9d81cb85d0ef9ffe5c062964,0.0                 ,inf
134,134       ,49    ,31   ,17   ,b240bd4a7c32fd7f549bcbeb,0.0                 ,39.0
135,135       ,24    ,13   ,9    ,c6039a494b422d5f0b79c687,0.0                 ,inf
136,136       ,50    ,27   ,15   ,72604c235afc4fe678e19731,0.0                 ,inf
137,137       ,34    ,22   ,12   ,5f6831e9aaa8a7e380df9a7b,0.0                 ,inf
138,138       ,589   ,283  ,188  ,26d18628690b78a39ef7f634,0.0                 ,950.0
139,139       ,34    ,22   ,10   ,5a5a81187ac23a2256e672ce,0.0                 ,inf
140,140       ,934   ,484  ,293  ,b9acbae6f96508b2bb955b1f,0.0                 ,inf
141,141       ,103   ,82   ,37   ,df317a7434b3db1b74a32239,0.0                 ,inf
142,142       ,102   ,52   ,25   ,b77271329173d1b0e8997fdc,0.0                 ,inf
143,143       ,24    ,12   ,7    ,2cffb64fc85e01606889fd33,0.0                 ,inf
144,144       ,336   ,186  ,98   ,9b41a341c0a56f0d49ba7fc7,0.0                 ,inf
145,145       ,69    ,36   ,19   ,0f42dca9b1dec225a7d7f95d,0.0                 ,inf
146,146       ,104   ,52   ,32   ,cb0f71738f73e0bbf72ffc76,0.0                 ,inf
147,147       ,337   ,190  ,119  ,44cd63d0a5dac600e30f998e,0.0                 ,inf
148,148       ,130   ,79   ,44   ,a15c287e894f11f5a9d21ade,0.0                 ,149.0
149,149       ,33    ,21   ,12   ,c51537e82a139a480acf18eb,0.0                 ,inf
150,150       ,34    ,18   ,12   ,8dab73436d890cca07fd4e8f,0.0                 ,inf
151,151       ,48    ,30   ,20   ,16c18fd038fc15456ad93d3e,0.0                 ,91.0
152,152       ,78167 ,37673,23054,fa78e3ccafcc29e87a293088,0.0                 ,inf
153,153       ,68    ,40   ,23   ,5c3bf7e7e8e48e5cfec78000,0.0                 ,41.0
154,154       ,51    ,30   ,17   ,bfedc12367dfeed5bff5a590,0.0                 ,43.0
155,155       ,24    ,12   ,9    ,1c4b89a8ad3147798d2d4b93,0.0                 ,inf
156,156       ,583   ,304  ,204  ,0d6c4f37a1b04fa18df82101,0.0                 ,inf
157,157       ,461   ,256  ,169  ,0646fc148e2023b85dd6bbfc,0.0                 ,inf
158,158       ,23    ,12   ,8    ,dadebf1d83ead61689d90df2,0.0                 ,inf
159,159       ,132   ,82   ,47   ,74b33d5af93b7b063bf7d760,0.0                 ,inf
160,160       ,34    ,19   ,11   ,50b2e5c787da0013e336f6bc,0.0                 ,inf
161,161       ,1913  ,993  ,683  ,857c38249db870797595e152,0.0                 ,inf
162,162       ,5806  ,3062 ,2321 ,48fc264ce5efccba49979090,0.0                 ,16636.0
163,163       ,23    ,12   ,8    ,308a3003d6532af0a55e42c9,0.0                 ,inf
164,164       ,19801 ,12305,7027 ,c774fa607c454499d5fcca37,0.0                 ,inf
165,165       ,24    ,13   ,9    ,d56eb5a708ef8065366f25e5,0.0                 ,inf
166,166       ,291   ,197  ,110  ,93d4e5f3bef555dc2bf2b9cc,0.0                 ,inf
167,167       ,24    ,15   ,7    ,2e94bb0066fdf81a4d544380,0.0                 ,inf
168,168       ,23    ,12   ,9    ,f870174b758c21876601d0b2,0.0                 ,inf
169,169       ,24    ,14   ,9    ,99e51f4262e185df7c150c76,0.0                 ,26.0
170,170       ,62    ,37   ,20   ,da20e8709aa718c416ba8d57,0.0                 ,inf
171,171       ,61    ,32   ,15   ,9844f2b98fcdfb06da24c27c,0.0                 ,inf
172,172       ,24    ,15   ,8    ,17109e11101e4440ff2a8d8d,0.0                 ,inf
173,173       ,251   ,130  ,89   ,50d46f8d805ca86e65219a3a,0.0                 ,inf
174,174       ,41    ,25   ,16   ,7336bc43caaf38d5607c077d,0.0                 ,inf
175,175       ,51783 ,26753,16150,86f5cd5c9b6db779144b0692,0.0                 ,inf
176,176       ,24    ,13   ,7    ,fb19162df4537bfaacf3b1ed,0.0                 ,inf
177,177       ,34    ,17   ,11   ,80b54ba5386357c8fadb5cf1,0.0                 ,inf
178,178       ,34    ,19   ,10   ,5784d64497142edf4e8ebd6c,0.0                 ,inf
179,179       ,23    ,13   ,8    ,a8381a33aabdfaa1ae5137f2,0.0                 ,inf
180,180       ,69    ,38   ,23   ,b4130d851a51660dfe45c29a,0.0                 ,45.0
181,181       ,54    ,31   ,17   ,e96c7065f77437bbbee40ee2,0.0                 ,inf
182,182       ,23    ,13   ,7    ,83cd99554c5b89b09cdeb86a,0.0                 ,inf
183,183       ,44    ,28   ,14   ,815bfcb713ef5f9bde3156ec,0.0                 ,inf
184,184       ,170   ,108  ,67   ,439150819566b9e67d1a0816,0.0                 ,187.0
185,185       ,126   ,81   ,48   ,c2b6250f633456299ac2acdf,0.0                 ,221.0
186,186       ,650   ,392  ,212  ,0156a8e3a9d6a55ca36da943,0.0                 ,601.0
187,187       ,33    ,17   ,11   ,cb2f8e88e27d8afb36d5d5ac,0.0                 ,inf
188,188       ,87    ,51   ,31   ,f8536cf57be9d87e0f7751f5,0.0                 ,inf
189,189       ,78    ,40   ,26   ,c2b03689b6d7585520a466e0,0.0                 ,inf
190,190       ,29    ,18   ,12   ,2ca1b3517c9b2cc2f2bc9820,0.0                 ,45.0
191,191       ,90    ,49   ,29   ,5a8ae6e41bbb1d77d1c3d5e8,0.0                 ,inf
192,192       ,323   ,185  ,87   ,8a0d7dfc90b79131c8c153c9,0.0                 ,inf
193,193       ,24    ,15   ,9    ,54dc528371d28262db53dc9e,0.0                 ,inf
194,194       ,23    ,13   ,9    ,51cccc9e37f3df7e10f6ebe4,0.0                 ,inf
195,195       ,62    ,40   ,25   ,0a08bc4529a34ad8242670ba,0.0                 ,inf
196,196       ,24    ,13   ,7    ,598efdbc244da80563c6ebd6,0.0                 ,18.0
197,197       ,23    ,13   ,7    ,bda3d79c87608a7b7a6be8a4,0.0                 ,16.0
198,198       ,24    ,14   ,7    ,a87eef07186778c8872b6acc,0.0                 ,inf
199,199       ,24    ,15   ,8    ,4b907412735cab97a7b1f6b4,0.0                 ,inf
200,200       ,34    ,19   ,10   ,d4acd769bbd8a454a687dce6,0.0                 ,inf
201,201       ,7226  ,4685 ,2266 ,21a4b4a90e68123ced256a9d,0.0                 ,15660.0
202,202       ,23    ,14   ,9    ,70aa1abc42668775222d8777,0.0                 ,inf
203,203       ,44    ,28   ,13   ,2e02d4b375e9ddcef51bbc80,0.0                 ,inf
204,204       ,216   ,114  ,62   ,0d65b426cae3bbbf8dd70606,0.0                 ,135.0
205,205       ,74    ,41   ,25   ,f844dc1e305a2563e9d34061,0.0                 ,inf
206,206       ,558   ,293  ,179  ,7860e4fb6afd6d43614780cf,0.0                 ,inf
207,207       ,22    ,11   ,7    ,6c128d39d5cd5eae25afabc1,0.0                 ,49.0
208,208       ,65    ,34   ,20   ,18a932450578693132f25a60,0.0                 ,inf
209,209       ,23    ,12   ,7    ,376c46942eea5b4c0ded89d8,0.0                 ,inf
210,210       ,23    ,15   ,8    ,ff57f65abcb787e412f2b23f,0.0                 ,inf
211,211       ,1616  ,1025 ,771  ,6a1ea4d1d94c802cc26b3269,0.0                 ,inf
212,212       ,86    ,52   ,35   ,3356ab382e6e85be65b491dc,0.0                 ,inf
213,213       ,33    ,17   ,11   ,d80909778476002843a89947,0.0                 ,inf
214,214       ,34    ,20   ,11   ,1e0d72b84820a64020cbbc65,0.0                 ,52.0
215,215       ,141   ,79   ,44   ,b10c83915391505b890b9d69,0.0                 ,inf
216,216       ,24    ,15   ,8    ,ce53fc6a6828679b1f9a292a,0.0                 ,51.0
217,217       ,33    ,20   ,10   ,2cc940d6d2fe0a9f8aea9f9d,0.0                 ,inf
218,218       ,496   ,376  ,191  ,540317287fb6f498d948465e,0.0                 ,458.0
219,219       ,24    ,12   ,8    ,14420cc47ea9406d9ee33223,0.0                 ,inf
220,220       ,98    ,63   ,35   ,44a849a1587769b278e47d57,0.0                 ,286.0
221,221       ,33    ,18   ,10   ,b69eb231c3404a7f2b2c01e6,0.0                 ,inf
222,222       ,686   ,376  ,208  ,e977417fd2a3e2d7dddc92a6,0.0                 ,inf
223,223       ,711   ,431  ,206  ,d6aee7bbe7fc851d17905dce,0.0                 ,1382.0
224,224       ,34    ,18   ,10   ,3cdd6a10689546227b8c194a,0.0                 ,inf
225,225       ,469   ,304  ,181  ,58a148dfffb9f6a46e1e43ab,0.0                 ,inf
226,226       ,24    ,12   ,9    ,271e3b20e1b1d5a2ca3a299a,0.0                 ,inf
227,227       ,66    ,42   ,24   ,89d8003e793b6b0dc27009c6,0.0                 ,80.0
228,228       ,178   ,100  ,59   ,b5757ac3706d978ede0678da,0.0                 ,inf
229,229       ,14940 ,8193 ,4322 ,c8904c79e298b0337d7d804e,0.0                 ,inf
230,230       ,216   ,109  ,84   ,b559e586b9327c031ab1bf4b,0.0                 ,inf
231,231       ,919   ,669  ,302  ,bdda161a5f7dd18248161160,0.0                 ,inf
232,232       ,33    ,21   ,12   ,095a9aac10d609a31734a131,0.0                 ,35.0
233,233       ,55    ,35   ,21   ,dd606c61d6c16dc109e890bf,0.0                 ,115.0
234,234       ,69    ,42   ,26   ,1fe42e15b2ac5f0a2dc1a7ee,0.0                 ,65.0
235,235       ,23    ,14   ,9    ,9959be0c6319ad171b9946cb,0.0                 ,inf
236,236       ,1769  ,1178 ,618  ,846be8bf73329021e9e7bfab,0.0                 ,inf
237,237       ,529   ,255  ,189  ,9af1b916dda20f4085c27351,0.0                 ,611.0
238,238       ,24    ,13   ,8    ,63ad5554a2b5804811d5df35,0.0                 ,inf
239,239       ,60    ,35   ,21   ,5db774f450a255c1b6d1c061,0.0                 ,200.0
240,240       ,23    ,12   ,7    ,b723d71ee7257a0551c3e47d,0.0                 ,inf
241,241       ,153   ,78   ,48   ,397eb9b1396f5fa4de64dd8a,0.0                 ,inf
242,242       ,205   ,114  ,65   ,c02b1ce69b6cce97bf3b733d,0.0                 ,inf
243,243       ,157   ,81   ,38   ,d74b5887e8d1ace10569aaa9,0.0                 ,inf
244,244       ,573   ,292  ,199  ,280dbfc0203db21b466b5bde,0.0                 ,614.0
245,245       ,34    ,20   ,10   ,8bfb6d3082f1967c39d28458,0.0                 ,inf
246,246       ,76    ,40   ,20   ,d24b2a33d67abf86f60804e3,0.0                 ,136.0
247,247       ,23    ,13   ,7    ,627465eb817bbb2fd8b97056,0.0                 ,42.0
248,248       ,287   ,177  ,138  ,dbb83b9a061f6107b73e137c,0.0                 ,inf
249,249       ,48    ,27   ,16   ,1da67edad33c27be0db8b1a2,0.0                 ,inf
250,250       ,37    ,22   ,14   ,5c6ef682a98360d7812bfe69,0.0                 ,inf
251,251       ,408   ,222  ,102  ,fd95a15cab33fc8161c1bca0,0.0                 ,inf
252,252       ,49    ,31   ,18   ,906dd7c27de0a267de42eeb8,0.0                 ,inf
253,253       ,80    ,52   ,29   ,2527f83d5ba4f65105a5ec61,0.0                 ,inf
254,254       ,33    ,17   ,10   ,1e08a2b516d6a7cf2f193d12,0.0                 ,inf
255,255       ,23    ,12   ,7    ,7d62c2ce62d876ff093a994c,0.0                 ,inf
256,256       ,52    ,30   ,21   ,6e14b97b83d800bf4060ae9f,0.0                 ,inf
257,257       ,9946  ,5486 ,3744 ,7ff9c41e65b78495e62d07ed,0.0                 ,inf
258,258       ,33    ,17   ,10   ,ea0708e63b8622cffce62159,0.0                 ,inf
259,259       ,126   ,79   ,50   ,055b70e2d3985a1466dd346e,0.0                 ,inf
260,260       ,24    ,12   ,8    ,af7b5217b3c90c9ba10554c6,0.0                 ,inf
261,261       ,61    ,40   ,20   ,3c2e48fe04d14989500c8fea,0.0                 ,inf
262,262       ,33    ,18   ,13   ,942303e2fe82424dc7ba68c3,0.0                 ,42.0
263,263       ,23    ,15   ,8    ,cab436f0ebc84f374d9833c3,0.0                 ,inf
264,264       ,54    ,33   ,17   ,b6a5f952159bb167403f8c1e,0.0                 ,inf
265,265       ,81    ,43   ,25   ,ac5c571683c7da3e10512e3c,0.0                 ,inf
266,266       ,24    ,13   ,7    ,7f254a11e306ff58c8594d06,0.0                 ,inf
267,267       ,34    ,17   ,11   ,2f0d98f99f1ea14898e1c472,0.0                 ,inf
268,268       ,23    ,13   ,8    ,e7f47a93b1ea4cbcdd26c226,0.0                 ,inf
269,269       ,34    ,19   ,10   ,32e1460e01b0bad25623f080,0.0                 ,inf
270,270       ,53    ,30   ,19   ,3e39431aa93dbfed4b1b9e20,0.0                 ,inf
271,271       ,23    ,14   ,7    ,493a9e0c57ab9521417b1000,0.0                 ,inf
272,272       ,33    ,22   ,10   ,14b4fe84efbb8d9d73840b7d,0.0                 ,inf
273,273       ,520   ,301  ,195  ,0b7d42feda97180ab8b181f3,0.0                 ,inf
274,274       ,1110  ,564  ,308  ,43f92984a32ba03de6a89cdf,0.0                 ,inf
275,275       ,33    ,18   ,10   ,e44b5d39ec2f0d15b01e84d8,0.0                 ,inf
276,276       ,24    ,12   ,7    ,e066278ec497b9e8af37f5e4,0.0                 ,inf
277,277       ,34    ,19   ,13   ,903d7ce75128a7fc3a8843f9,0.0                 ,52.0
278,278       ,34    ,18   ,12   ,75dd5917a863fb4c5e0351dd,0.0                 ,inf
279,279       ,45    ,25   ,13   ,fe1f31871ff11614c53f8e5f,0.0                 ,inf
280,280       ,289   ,156  ,104  ,1a41d6ba42300f64c4ca1838,0.0                 ,inf
281,281       ,57    ,31   ,22   ,8c7d158787b2f038ef510478,0.0                 ,53.0
282,282       ,46    ,30   ,20   ,af1979eea0458b836cf79ec0,0.0                 ,84.0
283,283       ,273   ,152  ,114  ,a360d8dff27018369dfc532a,0.0                 ,inf
284,284       ,44    ,24   ,14   ,ed0a9200c1dcd0a92170e739,0.0                 ,inf
285,285       ,33    ,21   ,11   ,7c79851cff043287e1762c04,0.0                 ,inf
286,286       ,23    ,15   ,8    ,f326accc3a0a338aa44c1a42,0.0                 ,inf
287,287       ,92    ,50   ,31   ,c70de1c58d9210540a1b922d,0.0                 ,287.0
288,288       ,647   ,348  ,204  ,d817f94bfa39402cc10b724b,0.0                 ,inf
289,289       ,109   ,66   ,33   ,10b93c4dfaca67b15f9dc409,0.0                 ,inf
290,290       ,34    ,17   ,12   ,c8833a6cd0ea91a8f9180120,0.0                 ,27.0
291,291       ,24    ,13   ,7    ,701e44c7dc7f27387e8638d1,0.0                 ,12.0
292,292       ,47    ,30   ,19   ,f78c0b0523f321a8ac517b56,0.0                 ,inf
293,293       ,24    ,15   ,7    ,3490123bb1ec9f66221e88d4,0.0                 ,12.0
294,294       ,185   ,110  ,63   ,0907a704e58a2d5c5cdcb0fa,0.0                 ,inf
295,295       ,34    ,18   ,12   ,584169469d26b2d677457bdc,0.0                 ,58.0
296,296       ,23    ,15   ,7    ,ade48bd6921a21700ab576fb,0.0                 ,inf
297,297       ,40    ,22   ,16   ,974f8516d2082f1fb1681e16,0.0                 ,70.0
298,298       ,23    ,13   ,9    ,6438f7dcd8d4a0680060e651,0.0                 ,23.0
299,299       ,171   ,82   ,52   ,ae3a4b62cdd11213a06670f4,0.0                 ,inf
300,300       ,208   ,128  ,74   ,312c36bdbc660b443ca122e2,0.0                 ,inf
301,301       ,24    ,14   ,9    ,cb6fbfc57d2442a71e9d4771,0.0                 ,inf
302,302       ,76    ,40   ,24   ,972fb39eee689f594a859534,0.0                 ,inf
303,303       ,115   ,56   ,36   ,a92ae55b7d93591b5b22e12e,0.0                 ,94.0
304,304       ,34    ,22   ,13   ,27eff53ee9622be90419964f,0.0                 ,63.0
305,305       ,2488  ,1304 ,804  ,2174b85c4a162ac129d91f0f,0.0                 ,2569.0
306,306       ,24    ,12   ,9    ,c679d53af87378532512a738,0.0                 ,57.0
307,307       ,503   ,258  ,195  ,06ef0a01769fbb0b00483a9d,0.0                 ,973.0
308,308       ,23    ,13   ,7    ,29f6fd1cdb82d67f0844dfc7,0.0                 ,inf
309,309       ,34    ,18   ,13   ,03f627e9d4220f3631be8dc8,0.0                 ,66.0
310,310       ,33    ,22   ,11   ,80390510b9f424c5765ff189,0.0                 ,inf
311,311       ,23    ,12   ,7    ,fb1db33cbb890e6ba7ebf666,0.0                 ,inf
312,312       ,194   ,99   ,62   ,2d11a526d328988361f07a51,0.0                 ,315.0
313,313       ,69    ,42   ,22   ,334b8a62a40de98190c09493,0.0                 ,inf
314,314       ,1664  ,884  ,500  ,156248d1fc88c460186df705,0.0                 ,inf
315,315       ,217   ,126  ,88   ,879b7b2c4d238d5362376d8a,0.0                 ,inf
316,316       ,321   ,165  ,75   ,bd79747aacd857a79036d237,0.0                 ,inf
317,317       ,23    ,13   ,9    ,6ae321492fb8fc989fe1ce0d,0.0                 ,inf
318,318       ,108   ,75   ,36   ,59bad0cb4b53262752aa8c94,0.0                 ,inf
319,319       ,23    ,13   ,7    ,7029effb5a4e6d308872ab1b,0.0                 ,40.0
320,320       ,635   ,282  ,186  ,2fe74f1ca06da59b5c164bf4,0.0                 ,inf
321,321       ,23    ,12   ,7    ,a76da61389c3433c737cd5fa,0.0                 ,inf
322,322       ,688   ,389  ,239  ,cf0aad6b64b6687e4d402305,0.0                 ,inf
323,323       ,23    ,13   ,7    ,f0cb618a092cab6903e26fc8,0.0                 ,22.0
324,324       ,587   ,386  ,202  ,77722dd4e12f1bdc63a06ec3,0.0                 ,inf
325,325       ,579   ,373  ,194  ,2f71f0b2c3953df461b5a294,0.0                 ,inf
326,326       ,39    ,23   ,11   ,3f65a8dac510caf08df3ec43,0.0                 ,inf
327,327       ,23    ,15   ,9    ,d9720f58a4e48b630eb274a5,0.0                 ,inf
328,328       ,24    ,12   ,8    ,7f355767e623c18b73e33fa0,0.0                 ,inf
329,329       ,539   ,361  ,192  ,e164fbb0b85614f21a77c7c0,0.0                 ,594.0
330,330       ,84    ,56   ,26   ,8e3fd077249aa15cdb7f6833,0.0                 ,inf
331,331       ,34    ,21   ,12   ,6062dfc0fef746731e39ea7d,0.0                 ,46.0
332,332       ,141   ,90   ,52   ,9c8bdf938b22313aaba31f0c,0.0                 ,inf
333,333       ,23    ,13   ,7    ,959567f1448f65ce9611bf99,0.0                 ,inf
334,334       ,79    ,45   ,32   ,5b9bb30eab74c777e0e0ddbc,0.0                 ,inf
335,335       ,34    ,18   ,12   ,aef24dec90de5b8db35eb9be,0.0                 ,28.0
336,336       ,308   ,179  ,118  ,19e9b199a03998a29869f092,0.0                 ,inf
337,337       ,23    ,13   ,7    ,9f3d3fbbc36cde931ba8cc4d,0.0                 ,inf
338,338       ,23    ,12   ,7    ,afcd1e86c30d63c6fa588ee4,0.0                 ,35.0
339,339       ,78    ,45   ,29   ,77adad4aa4e20948e0eae2c4,0.0                 ,inf
340,340       ,43    ,23   ,14   ,3926829c651ca25f7281be41,0.0                 ,inf
341,341       ,223   ,116  ,66   ,a17d082ae0ecfadae8c5968b,0.0                 ,inf
342,342       ,195   ,102  ,61   ,269665971586e5fd21b3df8b,0.0                 ,127.0
343,343       ,116   ,88   ,46   ,15554211ad440a27ea2a0eca,0.0                 ,85.0
344,344       ,1851  ,1032 ,492  ,ecec8ec18b6d68039f8519ec,0.0                 ,inf
345,345       ,618   ,312  ,188  ,12f9b8f8299b2434ad610469,0.0                 ,inf
346,346       ,147   ,74   ,40   ,2fe41fd6bc13ce388bb57447,0.0                 ,inf
347,347       ,24    ,15   ,9    ,39e0e844a623f6e9d9572812,0.0                 ,inf
348,348       ,24    ,16   ,9    ,8c9348c6652409e07fd5196f,0.0                 ,inf
349,349       ,23    ,12   ,7    ,5e977086d847658735f0988d,0.0                 ,inf
350,350       ,57    ,36   ,24   ,21d649b64b6209b1af1fddff,0.0                 ,inf
351,351       ,53    ,31   ,17   ,5f4a0782624b062441e9dded,0.0                 ,inf
352,352       ,23    ,12   ,8    ,1b40686103c16e7cfd93026f,0.0                 ,inf
353,353       ,23    ,12   ,7    ,0c6b0daf54efd7d3c105fb0e,0.0                 ,inf
354,354       ,2352  ,1199 ,758  ,48503aad616eac5b56026634,0.0                 ,inf
355,355       ,23    ,12   ,9    ,634ae04cf5e19b87b88d023d,0.0                 ,inf
356,356       ,44    ,22   ,17   ,833f411d46a13fe3ca1c2a80,0.0                 ,inf
357,357       ,23    ,15   ,7    ,698c3d5baa08afc6ff4fb0d1,0.0                 ,inf
358,358       ,196   ,120  ,58   ,a4eac1b0628d6185f6278ed7,0.0                 ,inf
359,359       ,34    ,19   ,13   ,edd1134ae1d26270aa5a5562,0.0                 ,inf
360,360       ,210   ,149  ,80   ,6ac14381988bb9c492024c3f,0.0                 ,inf
361,361       ,34    ,23   ,10   ,95a77a773a02cd0aacbbbc82,0.0                 ,inf
362,362       ,1251  ,1067 ,480  ,2abea13a742f602901952f31,0.0                 ,783.0
363,363       ,48    ,30   ,22   ,8b8d5a3ccd1d20bab20fb654,0.0                 ,inf
364,364       ,23    ,14   ,8    ,c742bacf876cc4b2d31b8ecd,0.0                 ,inf
365,365       ,33    ,17   ,12   ,e4352be69d39b2bed30df427,0.0                 ,inf
366,366       ,23    ,12   ,7    ,d61751ca3b4ea483f2e09599,0.0                 ,inf
367,367       ,23    ,13   ,9    ,b26c2e72ba384cb156e58374,0.0                 ,inf
368,368       ,102   ,65   ,39   ,3e619915262e91dd268c6fac,0.0                 ,104.0
369,369       ,25    ,13   ,7    ,a080789317624c5e56bf979e,0.0                 ,inf
370,370       ,34    ,20   ,12   ,d3e9a418eef6208af6246fd3,0.0                 ,65.0
371,371       ,202   ,134  ,77   ,0490c10c091893f03d72e545,0.0                 ,256.0
372,372       ,23    ,12   ,8    ,0db3768cf416300550d70098,0.0                 ,inf
373,373       ,23    ,12   ,9    ,951c337993804f305b345ba5,0.0                 ,39.0
374,374       ,34    ,22   ,12   ,e2e4549790eaecc030709d8b,0.0                 ,inf
375,375       ,672   ,293  ,203  ,23cb01aed82f6b6cb61c4394,0.0                 ,inf
376,376       ,25    ,14   ,8    ,556944eac036007daa7cbb8a,0.0                 ,inf
377,377       ,1526  ,827  ,467  ,b6255361ba1801f6d32beadf,0.0                 ,4867.0
378,378       ,24    ,16   ,9    ,8439d8728490362d843ccca9,0.0                 ,inf
379,379       ,117   ,60   ,45   ,4fad1ce68eb65039738266f2,0.0                 ,inf
380,380       ,225   ,123  ,87   ,84973c53b79e4287c068024c,0.0                 ,inf
381,381       ,206   ,135  ,59   ,cb6d9d2ebdd8920c85cec34b,0.0                 ,inf
382,382       ,1334  ,773  ,475  ,30e8a1628da7975de428b6ad,0.0                 ,inf
383,383       ,24    ,14   ,8    ,f11e75f13f7b3721c529b445,0.0                 ,inf
384,384       ,34    ,19   ,10   ,5efc904a84c14dde141de36a,0.0                 ,23.0
385,385       ,3432  ,2245 ,1165 ,afae91aff6c10cd03515c92b,0.0                 ,inf
386,386       ,138   ,69   ,35   ,19e95435045f8df4c716e00c,0.0                 ,203.0
387,387       ,57    ,30   ,14   ,61be83f4d231981dfe133765,0.0                 ,36.0
388,388       ,76    ,43   ,28   ,2fb421ab4a4a63b753512fa8,0.0                 ,189.0
389,389       ,157   ,79   ,41   ,0a13d888c6639d7a601f927c,0.0                 ,inf
390,390       ,32    ,21   ,12   ,815b230c179655afb77b5012,0.0                 ,inf
391,391       ,34    ,20   ,10   ,c8abf05815b2da2534ae4b4d,0.0                 ,inf
392,392       ,23    ,13   ,8    ,21e01608047cadb09537f0a9,0.0                 ,33.0
393,393       ,32    ,18   ,11   ,b9de043dc3ab46c534daa41f,0.0                 ,35.0
394,394       ,84    ,33   ,24   ,dcd8a3536939328378d0b7aa,0.0                 ,inf
395,395       ,178   ,69   ,53   ,9c967513e702203fcb2d15d4,0.0                 ,inf
396,396       ,23    ,15   ,7    ,89111559fdd50061b787ec00,0.0                 ,inf
397,397       ,23    ,14   ,7    ,e0423e9921733fec17231da1,0.0                 ,inf
398,398       ,23    ,12   ,7    ,037bb99ec23f1d6fc4f696b0,0.0                 ,inf
399,399       ,23    ,15   ,9    ,f3b7d9698ef250c772900c4b,0.0                 ,inf
400,400       ,33    ,17   ,11   ,eab3c5dda33f1d0adb8b8902,0.0                 ,inf
401,401       ,170   ,78   ,51   ,699e3eda3e14229a84ae407c,0.0                 ,inf
402,402       ,378   ,202  ,111  ,64cb78c7a45cd271c5c9c9c9,0.0                 ,inf
403,403       ,40    ,21   ,14   ,7926258725d0e5d095c5796a,0.0                 ,inf
404,404       ,8240  ,5014 ,3427 ,7bb9acf1568f33bbf8d1fb45,0.0                 ,inf
405,405       ,535   ,297  ,185  ,47a1c5dc5d723fefbbf2e8c8,0.0                 ,inf
406,406       ,596   ,320  ,180  ,a04bb345520cdff7bb47cda8,0.0                 ,inf
407,407       ,34    ,18   ,12   ,d8379751a9eecd81884add2b,0.0                 ,inf
408,408       ,34    ,21   ,13   ,2bf052a96aad9058b510c7d6,0.0                 ,inf
409,409       ,33    ,17   ,12   ,b723023647081523d17d7851,0.0                 ,inf
410,410       ,29    ,16   ,9    ,7225dfb53d34cb881443804b,0.0                 ,inf
411,411       ,24    ,13   ,7    ,b68c2ec7b841a32fedfb6205,0.0                 ,inf
412,412       ,97    ,51   ,24   ,b9d168496d59155b0f88d502,0.0                 ,inf
413,413       ,962   ,604  ,286  ,2338f806d9a749aae1b279d2,0.0                 ,inf
414,414       ,486   ,291  ,172  ,34b821457062f7ac5172a3ac,0.0                 ,827.0
415,415       ,11580 ,7398 ,3350 ,b06047edc035e408e00cb9ba,0.0                 ,inf
416,416       ,23    ,13   ,9    ,3af79436b4eaa6b3b41c31b2,0.0                 ,inf
417,417       ,54    ,31   ,15   ,5a81f98ad85fc1a2b6f4f62a,0.0                 ,74.0
418,418       ,24    ,13   ,9    ,443c8eec46cafcabfce78d07,0.0                 ,inf
419,419       ,110   ,59   ,27   ,63b19d7710409943c10ba025,0.0                 ,inf
420,420       ,519   ,376  ,205  ,497ea371b471de96cf0875eb,0.0                 ,inf
421,421       ,23    ,15   ,8    ,523f07acf633a532f8164832,0.0                 ,19.0
422,422       ,23    ,15   ,7    ,52a7b30f642d0a83a5a467d8,0.0                 ,inf
423,423       ,1785  ,914  ,418  ,7535051fcae50ee6469a2ba8,0.0                 ,2825.0
424,424       ,75    ,40   ,18   ,5b99e7ebe3f24c5d7eedae54,0.0                 ,inf
425,425       ,81    ,41   ,20   ,7a7be374cbe8710383564811,0.0                 ,inf
426,426       ,212   ,121  ,78   ,c8b7bc6d3c210bce652d666f,0.0                 ,inf
427,427       ,34    ,19   ,10   ,707330ab94b33cda87436d2f,0.0                 ,24.0
428,428       ,34    ,21   ,11   ,72c2197b912d055ec1d7d7c1,0.0                 ,inf
429,429       ,527   ,337  ,205  ,4d7beed38b7abe37efbffcd7,0.0                 ,inf
430,430       ,4630  ,3354 ,1602 ,8eabc671eec36ca2bd33d4fe,0.0                 ,inf
431,431       ,480   ,380  ,189  ,1a0ce93dab2b18731db2d2b0,0.0                 ,inf
432,432       ,23    ,13   ,9    ,3e62c982a41027f7e9b2c587,0.0                 ,inf
433,433       ,49    ,30   ,20   ,3a68384c7a3815570ebf4d8b,0.0                 ,inf
434,434       ,23    ,14   ,8    ,5379d4ff3b8d5bea920f058c,0.0                 ,inf
435,435       ,177   ,113  ,73   ,d2e8325568dc0e749d254732,0.0                 ,inf
436,436       ,83    ,42   ,25   ,d60e2008966df759029da2b9,0.0                 ,inf
437,437       ,34    ,20   ,11   ,506e5ca2f9f40e742d52d37e,0.0                 ,inf
438,438       ,62    ,40   ,21   ,dddfe0b93eb27ef2d317919e,0.0                 ,inf
439,439       ,529   ,400  ,200  ,c216d6d582f143c46822fccc,0.0                 ,inf
440,440       ,101   ,62   ,36   ,ca9fe8bc19fd9450c5047fda,0.0                 ,99.0
441,441       ,3087  ,1413 ,930  ,6eae4b24963d80cadc86b0dd,0.0                 ,inf
442,442       ,560   ,316  ,203  ,b00715c5adb5c9712924b1dc,0.0                 ,inf
443,443       ,424   ,201  ,138  ,c56d3ae721216a752a76e27e,0.0                 ,inf
444,444       ,24    ,16   ,9    ,f04b3c28f644654d807396a7,0.0                 ,inf
445,445       ,556   ,276  ,190  ,69971190146e138413820889,0.0                 ,inf
446,446       ,1197  ,743  ,397  ,abbaedf1f5ad41a803b5097d,0.0                 ,inf
447,447       ,211   ,111  ,69   ,6f620d94670624d43111fe5b,0.0                 ,inf
448,448       ,100   ,61   ,41   ,393ccd8d96d427f6d296073e,0.0                 ,inf
449,449       ,95    ,49   ,31   ,00427f150b2942f49da76e55,0.0                 ,inf
450,450       ,33    ,19   ,10   ,49e8d7c4bcce37f2e4b56fc4,0.0                 ,inf
451,451       ,34    ,21   ,13   ,3cda030ac11d0c6ff4f9ca56,0.0                 ,64.0
452,452       ,156   ,81   ,53   ,7c8ff7f1468178b130c203d0,0.0                 ,inf
453,453       ,728   ,455  ,251  ,48fc2674cf9865c13423d13c,0.0                 ,inf
454,454       ,150   ,65   ,47   ,40290e3608034a2ad48dcfdf,0.0                 ,inf
455,455       ,3127  ,1471 ,1030 ,fb03cb9e0f6c4c93af454ed3,0.0                 ,inf
456,456       ,54    ,34   ,18   ,250632664cbec9bf45f4fae8,0.0                 ,126.0
457,457       ,335   ,196  ,110  ,624475bbc043dfb4aa3ce6a0,0.0                 ,inf
458,458       ,33    ,18   ,9    ,f2284f449e2f476da2c612d6,0.0                 ,inf
459,459       ,123   ,56   ,37   ,d2eee14c76430a526bf6c60a,0.0                 ,inf
460,460       ,23    ,12   ,8    ,725cb9a9de726161545e53ae,0.0                 ,inf
461,461       ,72    ,37   ,21   ,ccb51fa111974c6647422ff8,0.0                 ,inf
462,462       ,24    ,15   ,7    ,4d967474f0b80d79e3516dd5,0.0                 ,18.0
463,463       ,23    ,12   ,9    ,31c54ac41455ba30f8573622,0.0                 ,inf
464,464       ,33    ,17   ,13   ,07f523e7781a99cd7ef02f93,0.0                 ,37.0
465,465       ,33    ,18   ,12   ,adbff83d06a4f451ba60fd3d,0.0                 ,inf
466,466       ,43    ,27   ,16   ,570357a88a5f433a261965da,0.0                 ,inf
467,467       ,24    ,15   ,9    ,7ee6866688d8b068ab9c20a4,0.0                 ,inf
468,468       ,23    ,13   ,9    ,5c09d460a1e452cd6235c670,0.0                 ,inf
469,469       ,951   ,479  ,316  ,31066cc1ba4eda295f60a791,0.0                 ,inf
470,470       ,23    ,12   ,9    ,48e8fd190f3943858df178d0,0.0                 ,inf
471,471       ,24    ,14   ,8    ,2e9615e997e1f241b4e84ae8,0.0                 ,inf
472,472       ,35    ,21   ,12   ,43648e6fd59e0d9b8fe4d801,0.0                 ,inf
473,473       ,24    ,15   ,7    ,f0abbc5b9541ba1deee761bf,0.0                 ,inf
474,474       ,1153  ,724  ,340  ,2a42e0c936fa506e47c41dfa,0.0                 ,inf
475,475       ,23    ,12   ,7    ,77aeb27c6f941b45bc4780a4,0.0                 ,inf
476,476       ,24    ,15   ,8    ,ba32b5d8d58c44e3181a5b4f,0.0                 ,inf
477,477       ,23    ,15   ,7    ,8605ad6c7b395967433b8d41,0.0                 ,48.0
478,478       ,660   ,378  ,189  ,3225535c76abb94e99c9ad32,0.0                 ,inf
479,479       ,356   ,186  ,100  ,5715c22beffe292f6ae4e9a6,0.0                 ,inf
480,480       ,17871 ,9060 ,6206 ,57aaef4ace1c59efb4f235bd,0.0                 ,inf
481,481       ,3467  ,1991 ,1149 ,c7c9a6a0fc5e6a4dc8e8735c,0.0                 ,inf
482,482       ,146   ,92   ,53   ,9ebf4641d51c47da0e21af62,0.0                 ,inf
483,483       ,556   ,274  ,188  ,2c61bf008b8f790deb84419b,0.0                 ,725.0
484,484       ,23    ,14   ,8    ,203e12bfd22c3f16adcbf10f,0.0                 ,inf
485,485       ,43    ,25   ,15   ,fa0f33c98b2174af2c42a1cf,0.0                 ,inf
486,486       ,114   ,70   ,36   ,1905ee5353e960dfd1158997,0.0                 ,inf
487,487       ,112   ,71   ,35   ,1f858682a0a85e8b0407c3bb,0.0                 ,inf
488,488       ,24    ,13   ,8    ,1826f45d4da50c627741c215,0.0                 ,inf
489,489       ,10415 ,5746 ,3411 ,aaf6793c59b5e30c5d0e1015,0.0                 ,inf
490,490       ,89    ,46   ,32   ,b33f51bf5b8486904ca5eeb1,0.0                 ,inf
491,491       ,72    ,43   ,22   ,89392e0fedf34bb8b0103ddf,0.0                 ,inf
492,492       ,57    ,31   ,20   ,c9cbfe405bfcd2e051df4757,0.0                 ,128.0
493,493       ,103   ,56   ,31   ,3e84444864f000a747b560e0,0.0                 ,inf
494,494       ,34    ,23   ,10   ,74bb51cabe2f69ca548d0ecf,0.0                 ,inf
495,495       ,148   ,84   ,43   ,4ec7a548a35828992d3460d3,0.0                 ,inf
496,496       ,45    ,30   ,22   ,ee40f4cc7f7f120028e446ae,0.0                 ,inf
497,497       ,23    ,14   ,9    ,f6c6c539c67cf58e2c76bdf3,0.0                 ,49.0
498,498       ,949   ,509  ,300  ,d35c2dcdb1e5ff5f873eaa10,0.0                 ,inf
499,499       ,131   ,72   ,34   ,984c70b5b89de46a9090cba4,0.0                 ,304.0
500,500       ,73    ,41   ,24   ,078096e15793746512280836,0.0                 ,147.0
501,501       ,596   ,267  ,198  ,9d531fe54219afa76b9a22a6,0.0                 ,inf
502,502       ,25    ,14   ,9    ,f2425318fda9e02139724d27,0.0                 ,inf
503,503       ,23    ,15   ,8    ,a19fbf307883be044a7d62b1,0.0                 ,inf
504,504       ,24    ,14   ,9    ,17aa83261914f66c8226b86e,0.0                 ,inf
505,505       ,65    ,39   ,24   ,504fd4bc7d401a6059188077,0.0                 ,inf
506,506       ,23    ,14   ,7    ,6c4f45fa42526d2c7cc026a9,0.0                 ,42.0
507,507       ,3061  ,1870 ,1164 ,a7b58cc9dda0f4cb582de248,0.0                 ,inf
508,508       ,670   ,366  ,197  ,a7a7bff93ebb97445be670c7,0.0                 ,813.0
509,509       ,23    ,12   ,9    ,3b105d26870ef367947be122,0.0                 ,44.0
510,510       ,45    ,27   ,15   ,11b97c40601ec141a90085ef,0.0                 ,inf
511,511       ,33    ,18   ,11   ,b5dd712e96b0588d9637d61c,0.0                 ,inf
512,512       ,38    ,19   ,13   ,30a6d4e1600892ac38166b6b,0.0                 ,inf
513,513       ,378   ,257  ,134  ,4c866dc8b228081ae30cc9e2,0.0                 ,inf
514,514       ,1280  ,726  ,452  ,a99cd58305fad7a7d68b5359,0.0                 ,inf
515,515       ,151194,85838,45735,5fb36beffcc3d7626c5cce33,0.0                 ,inf
516,516       ,584   ,394  ,187  ,62af592a152e7f6ba9727f50,0.0                 ,inf
517,517       ,33    ,19   ,12   ,2336ba7971f6cd548e3526be,0.0                 ,inf
518,518       ,23    ,12   ,7    ,97e58ae0cee5544e8f38e103,0.0                 ,inf
519,519       ,132   ,75   ,38   ,bb4f08a18ca5464807cd8da2,0.0                 ,inf
520,520       ,24    ,14   ,8    ,96bcedafec2e656a05202ad6,0.0                 ,inf
521,521       ,34    ,18   ,13   ,93264bae7aea2e427de4e345,0.0                 ,inf
522,522       ,59    ,37   ,21   ,eb9f11c06f2b8f163e62868e,0.0                 ,inf
523,523       ,23    ,13   ,9    ,682b5c5809361d8202de8f2d,0.0                 ,77.0
524,524       ,23    ,12   ,7    ,24cdb90458414c65f473ad28,0.0                 ,inf
525,525       ,120   ,79   ,49   ,457df7cf8b4d685cc121a3ad,0.0                 ,inf
526,526       ,46    ,25   ,14   ,cd39381ffc3db8b69054c941,0.0                 ,inf
527,527       ,36    ,19   ,13   ,0769edd98b82f8079722d7f7,0.0                 ,inf
528,528       ,25    ,14   ,10   ,e390fbfe9a487e56aa6618ea,0.0                 ,inf
529,529       ,33    ,18   ,13   ,6179b0a14fdb8a3f7a2dda03,0.0                 ,inf
530,530       ,118   ,70   ,39   ,7eaa68fd5b6a670bd4b0a4a5,0.0                 ,109.0
531,531       ,23    ,15   ,8    ,f8022bde37ba9ca78e06732f,0.0                 ,inf
532,532       ,1063  ,503  ,339  ,05316781cb922beb94874c53,0.0                 ,inf
533,533       ,172   ,111  ,76   ,638c65809658f4eb8a1b9293,0.0                 ,256.0
534,534       ,23    ,13   ,8    ,d904fedf90e27ca5ad4d1f0e,0.0                 ,inf
535,535       ,442   ,293  ,169  ,e03d18418fe0a012def3e3af,0.0                 ,inf
536,536       ,132   ,77   ,46   ,167c5fda9b46533f6ae48692,0.0                 ,inf
537,537       ,120   ,78   ,46   ,d2c79fef78b0d0e445fa288c,0.0                 ,inf
538,538       ,67    ,42   ,24   ,b62700d8d7940781493691d6,0.0                 ,inf
539,539       ,35    ,23   ,12   ,b4f246044eddd498d435e136,0.0                 ,inf
540,540       ,23    ,14   ,7    ,912bc4569e951115773097b5,0.0                 ,inf
541,541       ,23    ,12   ,9    ,d7a0575b11fb6481523d10a6,0.0                 ,inf
542,542       ,34    ,21   ,13   ,ba2f190f82af76ecc59dbb35,0.0                 ,73.0
543,543       ,102   ,53   ,25   ,bc3c67bdd7ea3c9e5b3e39ed,0.0                 ,inf
544,544       ,627   ,351  ,183  ,aa104ccbb1539da090d00d4a,0.0                 ,inf
545,545       ,24    ,14   ,7    ,6f4970f3b4766ea2e99875e2,0.0                 ,inf
546,546       ,24    ,14   ,8    ,7219a08e3b30108c6756fbf1,0.0                 ,inf
547,547       ,46    ,24   ,14   ,cee4dbef6fe1bc9975d4021f,0.0                 ,inf
548,548       ,146   ,82   ,48   ,658fa2370839066e817fad2d,0.0                 ,inf
549,549       ,23    ,13   ,8    ,ce6e91f7c643d074c29c8f89,0.0                 ,inf
550,550       ,24    ,15   ,8    ,14499d4fe14a9ed6aba25991,0.0                 ,inf
551,551       ,358   ,181  ,83   ,c04b7e815334e6541a660f9e,0.0                 ,inf
552,552       ,23    ,14   ,7    ,a59b9243c5c5bf14b7895ded,0.0                 ,inf
553,553       ,23    ,14   ,8    ,4f7d1dc772ea85337104a2e7,0.0                 ,inf
554,554       ,535   ,285  ,186  ,c35a8f095b4f2d6bbb35b074,0.0                 ,688.0
555,555       ,51    ,30   ,21   ,61f7b291dc8c0ccc549ba5d8,0.0                 ,inf
556,556       ,24    ,15   ,9    ,d2c3b031f0f5254ca6042d0b,0.0                 ,27.0
557,557       ,34    ,20   ,13   ,3dfb97e5c0bc3da303fcd2ee,0.0                 ,inf
558,558       ,33    ,17   ,10   ,99cab7c609b20c659412325b,0.0                 ,inf
559,559       ,24    ,16   ,8    ,4f3cffba25c901f501393794,0.0                 ,inf
560,560       ,23    ,14   ,7    ,adc534aa2f61be77651237de,0.0                 ,inf
561,561       ,24    ,16   ,7    ,153357ffa3caf560632b9e9a,0.0                 ,inf
562,562       ,24    ,15   ,7    ,7c341ecf9b6be4fce25d042e,0.0                 ,inf
563,563       ,33    ,20   ,9    ,7ce2514893724084c9083560,0.0                 ,45.0
564,564       ,24    ,12   ,8    ,1c0da4b9ba83b85a2bddccc4,0.0                 ,inf
565,565       ,33    ,19   ,10   ,9dc3af5250c1f7dee5ae903e,0.0                 ,inf
566,566       ,23    ,15   ,9    ,b498f5b4dd5833cecc98b875,0.0                 ,inf
567,567       ,33    ,20   ,10   ,fd2cf63e2d14293aa336b8fb,0.0                 ,inf
568,568       ,74    ,40   ,20   ,c49e5d81adbfb29e16ce6826,0.0                 ,inf
569,569       ,315   ,200  ,111  ,eaa91425d7932cb19082c6ed,0.0                 ,inf
570,570       ,34    ,21   ,11   ,9f0255ac746b81e44d909e45,0.0                 ,inf
571,571       ,24    ,14   ,9    ,78feb1c423a00b423f3e5846,0.0                 ,inf
572,572       ,72    ,39   ,23   ,2ff98bb48a9854c7043ab1cc,0.0                 ,inf
573,573       ,34    ,17   ,10   ,968c4f0dfc7006b50ed0b387,0.0                 ,inf
574,574       ,24    ,14   ,8    ,1a6d220fda5ec3e93dfe3e7c,0.0                 ,inf
575,575       ,139   ,102  ,51   ,92d8304c2e7684ec3ed967b9,0.0                 ,inf
576,576       ,123   ,70   ,42   ,ee6fbb93f808de2fe8640653,0.0                 ,133.0
577,577       ,24    ,13   ,8    ,e3f1a412980c45dee36dd436,0.0                 ,inf
578,578       ,63    ,40   ,26   ,d125799d6f5a5a54debd9629,0.0                 ,inf
579,579       ,23    ,12   ,9    ,8ae60e1ee79302ea197eba9c,0.0                 ,24.0
580,580       ,23    ,12   ,9    ,8a6d7edc77e7ff3941ba9a8d,0.0                 ,inf
581,581       ,64    ,40   ,19   ,a0492001d912056d85c8ee93,0.0                 ,inf
582,582       ,33    ,21   ,12   ,cfb2af50e83ae526db5ee1b6,0.0                 ,inf
583,583       ,121   ,63   ,41   ,f85c9a849228749d1c05160c,0.0                 ,inf
584,584       ,562   ,281  ,180  ,c918424110b202f782c3709c,0.0                 ,1418.0
585,585       ,23    ,13   ,8    ,18763a7aa30ccca6d8a416a7,0.0                 ,25.0
586,586       ,45    ,25   ,15   ,0afb9ed58e12a48e417e234f,0.0                 ,inf
587,587       ,23    ,13   ,8    ,2baa78491fe954ce903db2a5,0.0                 ,80.0
588,588       ,24    ,16   ,9    ,3e7845cba80b61fac96d9a31,0.0                 ,inf
589,589       ,24    ,13   ,8    ,3890faf907e8b0b2089a3f93,0.0                 ,inf
590,590       ,59    ,30   ,20   ,e673dd44668e3901a1db315d,0.0                 ,93.0
591,591       ,529   ,360  ,182  ,71513ca38920fb1bafd1c8fc,0.0                 ,inf
592,592       ,34    ,19   ,12   ,ff272145c85a77992a997871,0.0                 ,inf
593,593       ,169   ,96   ,56   ,a9fa26cea085595383b86cfd,0.0                 ,inf
594,594       ,33    ,18   ,10   ,0c3f532c3cc4fb59341646b9,0.0                 ,inf
595,595       ,24    ,14   ,8    ,4835c177b9bfe472140a87d6,0.0                 ,inf
596,596       ,23    ,13   ,9    ,fde6a3d912f9b646d5d03b16,0.0                 ,74.0
597,597       ,24    ,13   ,10   ,ce8626759193e2dbd0e3f42f,0.0                 ,inf
598,598       ,24    ,16   ,7    ,100167b7c4af9f0c274b456d,0.0                 ,12.0
599,599       ,70    ,36   ,18   ,fe8b209d2ed3622f435ed711,0.0                 ,inf
